<?xml version="1.0" encoding="ISO-8859-1"?>
<!-- Copyright (c) 2016-2018, The Linux Foundation. All rights reserved.    -->
<!--                                                                        -->
<!-- Redistribution and use in source and binary forms, with or without     -->
<!-- modification, are permitted provided that the following conditions are -->
<!-- met:                                                                   -->
<!--     * Redistributions of source code must retain the above copyright   -->
<!--       notice, this list of conditions and the following disclaimer.    -->
<!--     * Redistributions in binary form must reproduce the above          -->
<!--       copyright notice, this list of conditions and the following      -->
<!--       disclaimer in the documentation and/or other materials provided  -->
<!--       with the distribution.                                           -->
<!--     * Neither the name of The Linux Foundation nor the names of its    -->
<!--       contributors may be used to endorse or promote products derived  -->
<!--       from this software without specific prior written permission.    -->
<!--                                                                        -->
<!-- THIS SOFTWARE IS PROVIDED "AS IS" AND ANY EXPRESS OR IMPLIED           -->
<!-- WARRANTIES, INCLUDING, BUT NOT LIMITED TO, THE IMPLIED WARRANTIES OF   -->
<!-- MERCHANTABILITY, FITNESS FOR A PARTICULAR PURPOSE AND NON-INFRINGEMENT -->
<!-- ARE DISCLAIMED.  IN NO EVENT SHALL THE COPYRIGHT OWNER OR CONTRIBUTORS -->
<!-- BE LIABLE FOR ANY DIRECT, INDIRECT, INCIDENTAL, SPECIAL, EXEMPLARY, OR -->
<!-- CONSEQUENTIAL DAMAGES (INCLUDING, BUT NOT LIMITED TO, PROCUREMENT OF   -->
<!-- SUBSTITUTE GOODS OR SERVICES; LOSS OF USE, DATA, OR PROFITS; OR        -->
<!-- BUSINESS INTERRUPTION) HOWEVER CAUSED AND ON ANY THEORY OF LIABILITY,  -->
<!-- OR OTHERWISE) ARISING IN ANY WAY OUT OF THE USE OF THIS SOFTWARE, EVEN -->
<!-- IF ADVISED OF THE POSSIBILITY OF SUCH DAMAGE.                          -->
<mixer>
    <!-- These are the initial mixer settings -->
    <ctl name="Voice Rx Device Mute" id="0" value="0" />
    <ctl name="Voice Rx Device Mute" id="1" value="-1" />
    <ctl name="Voice Rx Device Mute" id="2" value="20" />
    <ctl name="Voice Tx Mute" id="0" value="0" />
    <ctl name="Voice Tx Mute" id="1" value="-1" />
    <ctl name="Voice Tx Mute" id="2" value="500" />
    <ctl name="Voice Rx Gain" id="0" value="0" />
    <ctl name="Voice Rx Gain" id="1" value="-1" />
    <ctl name="Voice Rx Gain" id="2" value="20" />
    <ctl name="Voice Sidetone Enable" value="0" />
    <ctl name="Voip Tx Mute" id="0" value="0" />
    <ctl name="Voip Tx Mute" id="1" value="500" />
    <ctl name="Voip Rx Gain" id="0" value="0" />
    <ctl name="Voip Rx Gain" id="1" value="20" />
    <ctl name="Voip Mode Config" value="12" />
    <ctl name="Voip Rate Config" value="0" />
    <ctl name="Voip Evrc Min Max Rate Config" id="0" value="1" />
    <ctl name="Voip Evrc Min Max Rate Config" id="1" value="4" />
    <ctl name="Voip Dtx Mode" value="0" />
    <ctl name="TTY Mode" value="OFF" />
    <ctl name="SLIMBUS_0_RX Port Mixer SLIM_0_TX" value="0" />
    <ctl name="SLIMBUS_7_RX Audio Mixer MultiMedia1" value="0" />
    <ctl name="SLIMBUS_7_RX Audio Mixer MultiMedia4" value="0" />
    <ctl name="SLIMBUS_7_RX Audio Mixer MultiMedia5" value="0" />
    <ctl name="SLIMBUS_7_RX Audio Mixer MultiMedia7" value="0" />
    <ctl name="SLIMBUS_7_RX Audio Mixer MultiMedia8" value="0" />
    <ctl name="SLIMBUS_7_RX Audio Mixer MultiMedia10" value="0" />
    <ctl name="SLIMBUS_7_RX Audio Mixer MultiMedia11" value="0" />
    <ctl name="SLIMBUS_7_RX Audio Mixer MultiMedia12" value="0" />
    <ctl name="SLIMBUS_7_RX Audio Mixer MultiMedia13" value="0" />
    <ctl name="SLIMBUS_7_RX Audio Mixer MultiMedia14" value="0" />
    <ctl name="SLIMBUS_7_RX Audio Mixer MultiMedia15" value="0" />
    <ctl name="SLIMBUS_7_RX Audio Mixer MultiMedia16" value="0" />
    <ctl name="SLIMBUS_6_RX Port Mixer SLIM_0_TX" value="0" />
    <ctl name="SLIMBUS_4_RX Audio Mixer MultiMedia1" value="0" />
    <ctl name="SLIMBUS_4_RX Audio Mixer MultiMedia2" value="0" />
    <ctl name="MultiMedia5 Mixer SLIM_0_TX" value="0" />
    <ctl name="MultiMedia5 Mixer AFE_PCM_TX" value="0" />
    <ctl name="MultiMedia5 Mixer SLIM_8_TX" value="0" />
    <ctl name="MultiMedia5 Mixer SLIM_7_TX" value="0" />
    <ctl name="MultiMedia1 Mixer SLIM_0_TX" value="0" />
    <ctl name="MultiMedia1 Mixer SLIM_4_TX" value="0" />
    <ctl name="MultiMedia1 Mixer SLIM_7_TX" value="0" />
    <ctl name="MultiMedia8 Mixer SLIM_0_TX" value="0" />
    <ctl name="MultiMedia8 Mixer SLIM_4_TX" value="0" />
    <ctl name="MultiMedia8 Mixer SLIM_7_TX" value="0" />
    <ctl name="MultiMedia10 Mixer SLIM_0_TX" value="0" />
    <ctl name="MultiMedia10 Mixer SLIM_7_TX" value="0" />
    <ctl name="MultiMedia10 Mixer AFE_PCM_TX" value="0" />
    <ctl name="DISPLAY_PORT Mixer MultiMedia1" value="0" />
    <ctl name="DISPLAY_PORT Mixer MultiMedia2" value="0" />
    <ctl name="DISPLAY_PORT Mixer MultiMedia3" value="0" />
    <ctl name="DISPLAY_PORT Mixer MultiMedia4" value="0" />
    <ctl name="DISPLAY_PORT Mixer MultiMedia5" value="0" />
    <ctl name="DISPLAY_PORT Mixer MultiMedia6" value="0" />
    <ctl name="DISPLAY_PORT Mixer MultiMedia7" value="0" />
    <ctl name="DISPLAY_PORT Mixer MultiMedia8" value="0" />
    <ctl name="DISPLAY_PORT Mixer MultiMedia9" value="0" />
    <ctl name="DISPLAY_PORT Mixer MultiMedia10" value="0" />
    <ctl name="DISPLAY_PORT Mixer MultiMedia11" value="0" />
    <ctl name="DISPLAY_PORT Mixer MultiMedia12" value="0" />
    <ctl name="DISPLAY_PORT Mixer MultiMedia13" value="0" />
    <ctl name="DISPLAY_PORT Mixer MultiMedia14" value="0" />
    <ctl name="DISPLAY_PORT Mixer MultiMedia15" value="0" />
    <ctl name="DISPLAY_PORT Mixer MultiMedia16" value="0" />
    <ctl name="SLIMBUS_0_RX Audio Mixer MultiMedia1" value="0" />
    <ctl name="SLIMBUS_6_RX Audio Mixer MultiMedia1" value="0" />
    <ctl name="SLIMBUS_0_RX Audio Mixer MultiMedia2" value="0" />
    <ctl name="SLIMBUS_6_RX Audio Mixer MultiMedia2" value="0" />
    <ctl name="SLIMBUS_0_RX Audio Mixer MultiMedia3" value="0" />
    <ctl name="SLIMBUS_6_RX Audio Mixer MultiMedia3" value="0" />
    <ctl name="SLIMBUS_0_RX Audio Mixer MultiMedia4" value="0" />
    <ctl name="SLIMBUS_2_RX Audio Mixer MultiMedia4" value="0" />
    <ctl name="SLIMBUS_5_RX Audio Mixer MultiMedia4" value="0" />
    <ctl name="SLIMBUS_6_RX Audio Mixer MultiMedia4" value="0" />
    <ctl name="SLIMBUS_0_RX Audio Mixer MultiMedia5" value="0" />
    <ctl name="SLIMBUS_2_RX Audio Mixer MultiMedia5" value="0" />
    <ctl name="SLIMBUS_6_RX Audio Mixer MultiMedia5" value="0" />
    <ctl name="SLIMBUS_0_RX Audio Mixer MultiMedia7" value="0" />
    <ctl name="SLIMBUS_5_RX Audio Mixer MultiMedia7" value="0" />
    <ctl name="SLIMBUS_2_RX Audio Mixer MultiMedia7" value="0" />
    <ctl name="SLIMBUS_6_RX Audio Mixer MultiMedia7" value="0" />
    <ctl name="SLIMBUS_0_RX Audio Mixer MultiMedia8" value="0" />
    <ctl name="SLIMBUS_5_RX Audio Mixer MultiMedia8" value="0" />
    <ctl name="SLIMBUS_6_RX Audio Mixer MultiMedia8" value="0" />
    <ctl name="SLIMBUS_0_RX Audio Mixer MultiMedia10" value="0" />
    <ctl name="SLIMBUS_5_RX Audio Mixer MultiMedia10" value="0" />
    <ctl name="SLIMBUS_2_RX Audio Mixer MultiMedia10" value="0" />
    <ctl name="SLIMBUS_6_RX Audio Mixer MultiMedia10" value="0" />
    <ctl name="SLIMBUS_0_RX Audio Mixer MultiMedia11" value="0" />
    <ctl name="SLIMBUS_5_RX Audio Mixer MultiMedia11" value="0" />
    <ctl name="SLIMBUS_2_RX Audio Mixer MultiMedia11" value="0" />
    <ctl name="SLIMBUS_6_RX Audio Mixer MultiMedia11" value="0" />
    <ctl name="SLIMBUS_0_RX Audio Mixer MultiMedia12" value="0" />
    <ctl name="SLIMBUS_5_RX Audio Mixer MultiMedia12" value="0" />
    <ctl name="SLIMBUS_2_RX Audio Mixer MultiMedia12" value="0" />
    <ctl name="SLIMBUS_6_RX Audio Mixer MultiMedia12" value="0" />
    <ctl name="SLIMBUS_0_RX Audio Mixer MultiMedia13" value="0" />
    <ctl name="SLIMBUS_5_RX Audio Mixer MultiMedia13" value="0" />
    <ctl name="SLIMBUS_2_RX Audio Mixer MultiMedia13" value="0" />
    <ctl name="SLIMBUS_6_RX Audio Mixer MultiMedia13" value="0" />
    <ctl name="SLIMBUS_0_RX Audio Mixer MultiMedia14" value="0" />
    <ctl name="SLIMBUS_5_RX Audio Mixer MultiMedia14" value="0" />
    <ctl name="SLIMBUS_2_RX Audio Mixer MultiMedia14" value="0" />
    <ctl name="SLIMBUS_6_RX Audio Mixer MultiMedia14" value="0" />
    <ctl name="SLIMBUS_0_RX Audio Mixer MultiMedia15" value="0" />
    <ctl name="SLIMBUS_5_RX Audio Mixer MultiMedia15" value="0" />
    <ctl name="SLIMBUS_2_RX Audio Mixer MultiMedia15" value="0" />
    <ctl name="SLIMBUS_6_RX Audio Mixer MultiMedia15" value="0" />
    <ctl name="SLIMBUS_0_RX Audio Mixer MultiMedia16" value="0" />
    <ctl name="SLIMBUS_5_RX Audio Mixer MultiMedia16" value="0" />
    <ctl name="SLIMBUS_2_RX Audio Mixer MultiMedia16" value="0" />
    <ctl name="SLIMBUS_6_RX Audio Mixer MultiMedia16" value="0" />
    <ctl name="USB_AUDIO_RX Audio Mixer MultiMedia1" value="0" />
    <ctl name="USB_AUDIO_RX Audio Mixer MultiMedia2" value="0" />
    <ctl name="USB_AUDIO_RX Audio Mixer MultiMedia3" value="0" />
    <ctl name="USB_AUDIO_RX Audio Mixer MultiMedia4" value="0" />
    <ctl name="USB_AUDIO_RX Audio Mixer MultiMedia5" value="0" />
    <ctl name="USB_AUDIO_RX Audio Mixer MultiMedia7" value="0" />
    <ctl name="USB_AUDIO_RX Audio Mixer MultiMedia8" value="0" />
    <ctl name="USB_AUDIO_RX Audio Mixer MultiMedia10" value="0" />
    <ctl name="USB_AUDIO_RX Audio Mixer MultiMedia11" value="0" />
    <ctl name="USB_AUDIO_RX Audio Mixer MultiMedia12" value="0" />
    <ctl name="USB_AUDIO_RX Audio Mixer MultiMedia13" value="0" />
    <ctl name="USB_AUDIO_RX Audio Mixer MultiMedia14" value="0" />
    <ctl name="USB_AUDIO_RX Audio Mixer MultiMedia15" value="0" />
    <ctl name="USB_AUDIO_RX Audio Mixer MultiMedia16" value="0" />
    <ctl name="MultiMedia1 Mixer USB_AUDIO_TX" value="0" />
    <ctl name="MultiMedia2 Mixer USB_AUDIO_TX" value="0" />
    <ctl name="MultiMedia5 Mixer USB_AUDIO_TX" value="0" />
    <ctl name="MultiMedia8 Mixer USB_AUDIO_TX" value="0" />
    <ctl name="MultiMedia10 Mixer USB_AUDIO_TX" value="0" />
    <ctl name="MultiMedia6 Mixer SLIM_0_TX" value="0" />
    <ctl name="SLIM_2_RX Format" value="UNPACKED" />
    <ctl name="SLIM_2_RX SampleRate" value="KHZ_48" />
    <ctl name="SLIM_5_RX SampleRate" value="KHZ_44P1" />
    <ctl name="SLIM_0_RX Channels" value="One" />
    <ctl name="SLIM_5_RX Channels" value="One" />
    <ctl name="SLIM_6_RX Channels" value="One" />
    <ctl name="SLIM_2_RX Channels" value="One" />
    <ctl name="SLIM_0_TX Channels" value="One" />
    <ctl name="SLIM_1_TX Channels" value="One" />
    <ctl name="AIF1_CAP Mixer SLIM TX9" value="0"/>
    <ctl name="AIF1_CAP Mixer SLIM TX8" value="0"/>
    <ctl name="AIF1_CAP Mixer SLIM TX7" value="0" />
    <ctl name="AIF1_CAP Mixer SLIM TX6" value="0" />
    <ctl name="AIF1_CAP Mixer SLIM TX5" value="0"/>
    <ctl name="AIF1_CAP Mixer SLIM TX4" value="0" />
    <ctl name="AIF1_CAP Mixer SLIM TX3" value="0"/>
    <ctl name="AIF1_CAP Mixer SLIM TX2" value="0" />
    <ctl name="AIF1_CAP Mixer SLIM TX1" value="0"/>
    <ctl name="AIF1_CAP Mixer SLIM TX0" value="0"/>
    <ctl name="SLIMBUS_0_RX Audio Mixer MultiMedia4" value="0" />
    <ctl name="SLIM0_RX_VI_FB_LCH_MUX" value="ZERO" />
    <ctl name="SLIM0_RX_VI_FB_RCH_MUX" value="ZERO" />
    <ctl name="VI_FEED_TX Channels" value="Two" />
    <ctl name="AIF4_VI Mixer SPKR_VI_1" value="0" />
    <ctl name="AIF4_VI Mixer SPKR_VI_2" value="0" />
    <ctl name="SLIM_4_TX Format" value="UNPACKED" />
    <ctl name="AANC_SLIM_0_RX MUX" value="ZERO" />
    <!-- HFP start -->
    <ctl name="HFP_PRI_AUX_UL_HL Switch" value="0" />
    <ctl name="SLIMBUS_0_RX Port Mixer SLIM_7_TX" value="0" />
    <!-- HFP end -->
    <!-- echo reference -->
    <ctl name="AUDIO_REF_EC_UL1 MUX" value="None" />
    <!-- usb headset -->
    <ctl name="AFE_PCM_RX Audio Mixer MultiMedia1" value="0" />
    <ctl name="AFE_PCM_RX Audio Mixer MultiMedia2" value="0" />
    <ctl name="AFE_PCM_RX Audio Mixer MultiMedia4" value="0" />
    <ctl name="AFE_PCM_RX Audio Mixer MultiMedia7" value="0" />
    <ctl name="AFE_PCM_RX Audio Mixer MultiMedia10" value="0" />
    <ctl name="AFE_PCM_RX Audio Mixer MultiMedia11" value="0" />
    <ctl name="AFE_PCM_RX Audio Mixer MultiMedia12" value="0" />
    <ctl name="AFE_PCM_RX Audio Mixer MultiMedia13" value="0" />
    <ctl name="AFE_PCM_RX Audio Mixer MultiMedia14" value="0" />
    <ctl name="AFE_PCM_RX Audio Mixer MultiMedia15" value="0" />
    <ctl name="AFE_PCM_RX Audio Mixer MultiMedia16" value="0" />
    <ctl name="MultiMedia1 Mixer AFE_PCM_TX" value="0" />
    <ctl name="AFE_PCM_RX Audio Mixer MultiMedia5" value="0" />
    <!-- usb headset end -->
    <!-- fm -->
    <ctl name="SLIMBUS_8 LOOPBACK Volume" value="0" />
    <ctl name="SLIMBUS_0_RX Port Mixer SLIM_8_TX" value="0" />
    <ctl name="SLIMBUS_DL_HL Switch" value="0" />
    <ctl name="SLIMBUS_6_RX Port Mixer SLIM_8_TX" value="0" />
    <ctl name="SLIMBUS6_DL_HL Switch" value="0" />
    <ctl name="MultiMedia1 Mixer SLIM_8_TX" value="0" />
    <ctl name="MultiMedia2 Mixer SLIM_8_TX" value="0" />
    <!-- fm end -->

    <!-- Multimode Voice1 -->
    <ctl name="SLIM_0_RX_Voice Mixer VoiceMMode1" value="0" />
    <ctl name="SLIM_6_RX_Voice Mixer VoiceMMode1" value="0" />
    <ctl name="VoiceMMode1_Tx Mixer SLIM_0_TX_MMode1" value="0" />
    <!-- Multimode Voice1 BTSCO -->
    <ctl name="SLIM_7_RX_Voice Mixer VoiceMMode1" value="0" />
    <ctl name="VoiceMMode1_Tx Mixer SLIM_7_TX_MMode1" value="0" />
    <!-- Multimode Voice1 USB headset -->
    <ctl name="AFE_PCM_RX_Voice Mixer VoiceMMode1" value="0" />
    <ctl name="VoiceMMode1_Tx Mixer AFE_PCM_TX_MMode1" value="0" />
    <ctl name="USB_AUDIO_RX_Voice Mixer VoiceMMode1" value="0" />
    <ctl name="VoiceMMode1_Tx Mixer USB_AUDIO_TX_MMode1" value="0" />
    <!-- Miltimode Voice1 end-->

    <!-- Multimode Voice2 -->
    <ctl name="SLIM_0_RX_Voice Mixer VoiceMMode2" value="0" />
    <ctl name="SLIM_6_RX_Voice Mixer VoiceMMode2" value="0" />
    <ctl name="VoiceMMode2_Tx Mixer SLIM_0_TX_MMode2" value="0" />
    <!-- Multimode Voice2 BTSCO -->
    <ctl name="SLIM_7_RX_Voice Mixer VoiceMMode2" value="0" />
    <ctl name="VoiceMMode2_Tx Mixer SLIM_7_TX_MMode2" value="0" />
    <!-- Multimode Voice2 USB headset -->
    <ctl name="AFE_PCM_RX_Voice Mixer VoiceMMode2" value="0" />
    <ctl name="VoiceMMode2_Tx Mixer AFE_PCM_TX_MMode2" value="0" />
    <ctl name="USB_AUDIO_RX_Voice Mixer VoiceMMode2" value="0" />
    <ctl name="VoiceMMode2_Tx Mixer USB_AUDIO_TX_MMode2" value="0" />
    <!-- Multimode Voice2 end-->

    <!-- Voice external ec. reference -->
    <ctl name="VOC_EXT_EC MUX" value="NONE" />
    <ctl name="AIF3_CAP Mixer SLIM TX1" value="0" />
    <ctl name="AIF3_CAP Mixer SLIM TX2" value="0" />
    <!-- Voice external ec. reference end -->

    <!-- RT Proxy Cal -->
    <ctl name="RT_PROXY_1_RX SetCalMode" value="CAL_MODE_NONE" />
    <ctl name="RT_PROXY_1_TX SetCalMode" value="CAL_MODE_NONE" />
    <!-- RT Proxy Cal end -->

    <!-- Incall Recording -->
    <ctl name="MultiMedia1 Mixer VOC_REC_UL" value="0" />
    <ctl name="MultiMedia1 Mixer VOC_REC_DL" value="0" />
    <ctl name="MultiMedia8 Mixer VOC_REC_UL" value="0" />
    <ctl name="MultiMedia8 Mixer VOC_REC_DL" value="0" />
    <!-- Incall Recording End -->

    <!-- Incall Music -->
    <ctl name="Incall_Music Audio Mixer MultiMedia2" value="0" />
    <!-- Incall Music End -->

    <!-- compress-voip-call start -->
    <ctl name="SLIM_0_RX_Voice Mixer Voip" value="0" />
    <ctl name="SLIM_6_RX_Voice Mixer Voip" value="0" />
    <ctl name="Voip_Tx Mixer SLIM_0_TX_Voip" value="0" />
    <ctl name="SLIM_7_RX_Voice Mixer Voip" value="0" />
    <ctl name="Voip_Tx Mixer SLIM_7_TX_Voip" value="0" />
    <ctl name="AFE_PCM_RX_Voice Mixer Voip" value="0" />
    <ctl name="Voip_Tx Mixer AFE_PCM_TX_Voip" value="0" />
    <ctl name="USB_AUDIO_RX_Voice Mixer Voip" value="0" />
    <ctl name="Voip_Tx Mixer USB_AUDIO_TX_Voip" value="0" />
    <!-- compress-voip-call end-->

    <!-- Audio BTSCO -->
    <ctl name="SLIMBUS_7_RX Audio Mixer MultiMedia1" value="0" />
    <ctl name="SLIMBUS_7_RX Audio Mixer MultiMedia4" value="0" />
    <ctl name="SLIMBUS_7_RX Audio Mixer MultiMedia5" value="0" />
    <ctl name="SLIMBUS_7_RX Audio Mixer MultiMedia6" value="0" />
    <ctl name="MultiMedia1 Mixer SLIM_7_TX" value="0" />
    <!-- audio record compress-->
    <ctl name="MultiMedia8 Mixer SLIM_0_TX" value="0" />
    <ctl name="MultiMedia8 Mixer SLIM_7_TX" value="0" />
    <ctl name="MultiMedia8 Mixer AFE_PCM_TX" value="0" />
    <!-- audio record compress end-->

    <!-- split a2dp -->
    <ctl name="BT SampleRate" value="KHZ_8" />
    <ctl name="AFE Input Channels" value="Zero" />
    <ctl name="SLIM7_RX ADM Channels" value="Zero" />
    <!-- split a2dp end-->

    <!-- ADSP testfwk -->
    <ctl name="SLIMBUS_DL_HL Switch" value="0" />
    <ctl name="SLIMBUS6_DL_HL Switch" value="0" />
    <!-- ADSP testfwk end-->

    <ctl name="AFE_PCM_RX Audio Mixer MultiMedia3" value="0" />

    <!-- Codec controls -->
    <!-- WSA controls -->
    <ctl name="SpkrLeft COMP Switch" value="0" />
    <ctl name="SpkrRight COMP Switch" value="0" />
    <ctl name="SpkrLeft BOOST Switch" value="0" />
    <ctl name="SpkrRight BOOST Switch" value="0" />
    <ctl name="SpkrLeft VISENSE Switch" value="0" />
    <ctl name="SpkrRight VISENSE Switch" value="0" />
    <ctl name="SpkrLeft SWR DAC_Port Switch" value="0" />
    <ctl name="SpkrRight SWR DAC_Port Switch" value="0" />
    <ctl name="SpkrLeft WSA PA Gain" value="G_0_DB" />

    <!-- Volume controls -->
    <ctl name="EAR PA Gain" value="G_6_DB" />
    <ctl name="EAR SPKR PA Gain" value="G_DEFAULT" />

    <ctl name="RX0 Digital Volume" value="84" />
    <ctl name="RX7 Digital Volume" value="84" />
    <ctl name="RX8 Digital Volume" value="84" />
    <ctl name="RX9 Digital Volume" value="84" />
    <ctl name="ADC1 Volume" value="12" />
    <ctl name="ADC2 Volume" value="12" />
    <ctl name="ADC3 Volume" value="0" />
    <ctl name="ADC4 Volume" value="0" />
    <ctl name="DEC0 Volume" value="84" />
    <ctl name="DEC1 Volume" value="84" />
    <ctl name="DEC2 Volume" value="84" />
    <ctl name="DEC3 Volume" value="84" />
    <ctl name="DEC4 Volume" value="84" />
    <ctl name="DEC5 Volume" value="84" />
    <ctl name="DEC6 Volume" value="84" />
    <ctl name="DEC7 Volume" value="84" />
    <ctl name="DEC8 Volume" value="84" />

    <!-- Compander controls -->
    <ctl name="COMP0 Switch" value="1" />
    <ctl name="COMP7 Switch" value="0" />
    <ctl name="COMP8 Switch" value="0" />

    <!-- ADC, DMIC and AMIC controls -->
    <ctl name="ADC MUX0" value="AMIC" />
    <ctl name="ADC MUX1" value="AMIC" />
    <ctl name="ADC MUX2" value="AMIC" />
    <ctl name="ADC MUX3" value="AMIC" />
    <ctl name="ADC MUX4" value="AMIC" />
    <ctl name="ADC MUX5" value="AMIC" />
    <ctl name="ADC MUX6" value="AMIC" />
    <ctl name="ADC MUX7" value="AMIC" />
    <ctl name="ADC MUX8" value="AMIC" />
    <ctl name="ADC MUX10" value="AMIC" />
    <ctl name="ADC MUX11" value="AMIC" />
    <ctl name="DMIC MUX0" value="ZERO" />
    <ctl name="DMIC MUX1" value="ZERO" />
    <ctl name="DMIC MUX2" value="ZERO" />
    <ctl name="DMIC MUX3" value="ZERO" />
    <ctl name="DMIC MUX4" value="ZERO" />
    <ctl name="DMIC MUX5" value="ZERO" />
    <ctl name="DMIC MUX6" value="ZERO" />
    <ctl name="DMIC MUX7" value="ZERO" />
    <ctl name="DMIC MUX8" value="ZERO" />
    <ctl name="DMIC MUX10" value="ZERO" />
    <ctl name="DMIC MUX11" value="ZERO" />
    <ctl name="AMIC MUX0" value="ZERO" />
    <ctl name="AMIC MUX1" value="ZERO" />
    <ctl name="AMIC MUX2" value="ZERO" />
    <ctl name="AMIC MUX3" value="ZERO" />
    <ctl name="AMIC MUX4" value="ZERO" />
    <ctl name="AMIC MUX5" value="ZERO" />
    <ctl name="AMIC MUX6" value="ZERO" />
    <ctl name="AMIC MUX7" value="ZERO" />
    <ctl name="AMIC MUX8" value="ZERO" />
    <ctl name="AMIC MUX10" value="ZERO" />
    <ctl name="AMIC MUX11" value="ZERO" />

    <!-- CDC_IF and SLIM controls -->
    <ctl name="SLIM RX0 MUX" value="ZERO" />
    <ctl name="SLIM RX1 MUX" value="ZERO" />
    <ctl name="SLIM RX2 MUX" value="ZERO" />
    <ctl name="SLIM RX3 MUX" value="ZERO" />
    <ctl name="SLIM RX4 MUX" value="ZERO" />
    <ctl name="SLIM RX5 MUX" value="ZERO" />
    <ctl name="SLIM RX6 MUX" value="ZERO" />
    <ctl name="SLIM RX7 MUX" value="ZERO" />
    <ctl name="CDC_IF RX0 MUX" value="SLIM RX0" />
    <ctl name="CDC_IF RX1 MUX" value="SLIM RX1" />
    <ctl name="CDC_IF RX2 MUX" value="SLIM RX2" />
    <ctl name="CDC_IF RX3 MUX" value="SLIM RX3" />
    <ctl name="CDC_IF RX4 MUX" value="SLIM RX4" />
    <ctl name="CDC_IF RX5 MUX" value="SLIM RX5" />
    <ctl name="CDC_IF RX6 MUX" value="SLIM RX6" />
    <ctl name="CDC_IF RX7 MUX" value="SLIM RX7" />
    <ctl name="CDC_IF TX0 MUX" value="ZERO" />
    <ctl name="CDC_IF TX1 MUX" value="ZERO" />
    <ctl name="CDC_IF TX2 MUX" value="ZERO" />
    <ctl name="CDC_IF TX3 MUX" value="ZERO" />
    <ctl name="CDC_IF TX4 MUX" value="ZERO" />
    <ctl name="CDC_IF TX5 MUX" value="ZERO" />
    <ctl name="CDC_IF TX6 MUX" value="ZERO" />
    <ctl name="CDC_IF TX7 MUX" value="ZERO" />
    <ctl name="CDC_IF TX8 MUX" value="ZERO" />
    <ctl name="CDC_IF TX9 MUX" value="ZERO" />
    <ctl name="CDC_IF TX10 MUX" value="ZERO" />
    <ctl name="CDC_IF TX13 MUX" value="ZERO" />

    <!-- Interpolator chain controls -->
    <ctl name="RX INT0_1 MIX1 INP0" value="ZERO" />
    <ctl name="RX INT0_1 MIX1 INP1" value="ZERO" />
    <ctl name="RX INT0_1 MIX1 INP2" value="ZERO" />
    <ctl name="RX INT7_1 MIX1 INP0" value="ZERO" />
    <ctl name="RX INT7_1 MIX1 INP1" value="ZERO" />
    <ctl name="RX INT7_1 MIX1 INP2" value="ZERO" />
    <ctl name="RX INT8_1 MIX1 INP0" value="ZERO" />
    <ctl name="RX INT8_1 MIX1 INP1" value="ZERO" />
    <ctl name="RX INT8_1 MIX1 INP2" value="ZERO" />
    <ctl name="RX INT9_1 MIX1 INP0" value="ZERO" />
    <ctl name="RX INT9_1 MIX1 INP1" value="ZERO" />
    <ctl name="RX INT9_1 MIX1 INP2" value="ZERO" />
    <ctl name="RX INT0_2 MUX" value="ZERO" />
    <ctl name="RX INT7_2 MUX" value="ZERO" />
    <ctl name="RX INT8_2 MUX" value="ZERO" />
    <ctl name="RX INT9_2 MUX" value="ZERO" />

    <!-- IIR/voice anc -->
    <ctl name="IIR0 Band1" id ="0" value="268435456" />
    <ctl name="IIR0 Band1" id ="1" value="0" />
    <ctl name="IIR0 Band1" id ="2" value="0" />
    <ctl name="IIR0 Band1" id ="3" value="0" />
    <ctl name="IIR0 Band1" id ="4" value="0" />
    <ctl name="IIR0 Band2" id ="0" value="268435456" />
    <ctl name="IIR0 Band2" id ="1" value="0" />
    <ctl name="IIR0 Band2" id ="2" value="0" />
    <ctl name="IIR0 Band2" id ="3" value="0" />
    <ctl name="IIR0 Band2" id ="4" value="0" />
    <ctl name="IIR0 Band3" id ="0" value="268435456" />
    <ctl name="IIR0 Band3" id ="1" value="0" />
    <ctl name="IIR0 Band3" id ="2" value="0" />
    <ctl name="IIR0 Band3" id ="3" value="0" />
    <ctl name="IIR0 Band3" id ="4" value="0" />
    <ctl name="IIR0 Band4" id ="0" value="268435456" />
    <ctl name="IIR0 Band4" id ="1" value="0" />
    <ctl name="IIR0 Band4" id ="2" value="0" />
    <ctl name="IIR0 Band4" id ="3" value="0" />
    <ctl name="IIR0 Band4" id ="4" value="0" />
    <ctl name="IIR0 Band5" id ="0" value="268435456" />
    <ctl name="IIR0 Band5" id ="1" value="0" />
    <ctl name="IIR0 Band5" id ="2" value="0" />
    <ctl name="IIR0 Band5" id ="3" value="0" />
    <ctl name="IIR0 Band5" id ="4" value="0" />
    <ctl name="IIR0 Enable Band1" value="0" />
    <ctl name="IIR0 Enable Band2" value="0" />
    <ctl name="IIR0 Enable Band3" value="0" />
    <ctl name="IIR0 Enable Band4" value="0" />
    <ctl name="IIR0 Enable Band5" value="0" />
    <ctl name="IIR0 INP0 Volume" value="54" />
    <ctl name="IIR0 INP0 MUX" value="ZERO" />
    <ctl name="IIR0 INP1 MUX" value="ZERO" />
    <ctl name="IIR0 INP2 MUX" value="ZERO" />

    <!-- anc related -->
    <ctl name="ANC Slot" value="0" />
    <ctl name="ANC Function" value="OFF" />
    <ctl name="ANC0 FB MUX" value="ZERO" />
    <ctl name="ANC OUT EAR Enable Switch" value="0" />
    <ctl name="ANC OUT EAR SPKR Enable Switch" value="0" />
    <ctl name="ANC SPKR PA Enable Switch" value="0" />

    <!-- Codec controls end -->

    <!-- mixer control to disable lowlatency qos voting -->
    <ctl name="MultiMedia5_RX QOS Vote" value="Disable" />
    <!-- mixer control to disable lowlatency qos voting end -->

    <!-- These are audio route (FE to BE) specific mixer settings -->
    <path name="gsm-mode">
        <ctl name="GSM mode Enable" value="ON" />
    </path>

    <path name="echo-reference">
        <ctl name="AUDIO_REF_EC_UL1 MUX" value="SLIM_RX" />
    </path>

    <path name="echo-reference headphones">
    </path>

    <path name="echo-reference headphones-44.1">
    </path>

    <path name="deep-buffer-playback">
        <ctl name="SLIMBUS_0_RX Audio Mixer MultiMedia1" value="1" />
    </path>

    <path name="deep-buffer-playback speaker-protected">
        <path name="deep-buffer-playback" />
    </path>

    <path name="deep-buffer-playback display-port">
        <ctl name="DISPLAY_PORT Mixer MultiMedia1" value="1" />
    </path>

    <path name="deep-buffer-playback speaker-and-display-port">
        <path name="deep-buffer-playback display-port" />
        <path name="deep-buffer-playback" />
    </path>

    <path name="deep-buffer-playback bt-sco">
        <ctl name="SLIMBUS_7_RX Audio Mixer MultiMedia1" value="1" />
    </path>

    <path name="deep-buffer-playback bt-sco-wb">
        <ctl name="BT SampleRate" value="KHZ_16" />
        <path name="deep-buffer-playback bt-sco" />
    </path>

    <path name="deep-buffer-playback afe-proxy">
        <ctl name="AFE_PCM_RX Audio Mixer MultiMedia1" value="1" />
    </path>

    <path name="deep-buffer-playback usb-headphones">
        <ctl name="USB_AUDIO_RX Audio Mixer MultiMedia1" value="1" />
    </path>

    <path name="deep-buffer-playback usb-headset">
        <ctl name="USB_AUDIO_RX Audio Mixer MultiMedia1" value="1" />
    </path>

    <path name="deep-buffer-playback speaker-and-usb-headphones">
        <path name="deep-buffer-playback usb-headphones" />
        <path name="deep-buffer-playback" />
    </path>

    <path name="deep-buffer-playback headphones">
    </path>

    <path name="deep-buffer-playback speaker-and-headphones">
        <path name="deep-buffer-playback headphones" />
        <path name="deep-buffer-playback" />
    </path>

    <path name="deep-buffer-playback speaker-and-bt-sco">
        <path name="deep-buffer-playback bt-sco" />
        <path name="deep-buffer-playback" />
    </path>

    <path name="deep-buffer-playback speaker-and-bt-sco-wb">
        <path name="deep-buffer-playback bt-sco-wb" />
        <path name="deep-buffer-playback" />
    </path>

    <path name="low-latency-playback">
        <ctl name="SLIMBUS_0_RX Audio Mixer MultiMedia5" value="1" />
    </path>

    <path name="low-latency-playback speaker-protected">
        <path name="low-latency-playback" />
    </path>

    <path name="low-latency-playback display-port">
        <ctl name="DISPLAY_PORT Mixer MultiMedia5" value="1" />
    </path>

    <path name="low-latency-playback bt-sco">
        <ctl name="SLIMBUS_7_RX Audio Mixer MultiMedia5" value="1" />
    </path>

    <path name="low-latency-playback bt-sco-wb">
        <ctl name="BT SampleRate" value="KHZ_16" />
        <path name="low-latency-playback bt-sco" />
    </path>

    <path name="low-latency-playback speaker-and-display-port">
        <path name="low-latency-playback display-port" />
        <path name="low-latency-playback" />
    </path>

    <path name="low-latency-playback afe-proxy">
        <ctl name="AFE_PCM_RX Audio Mixer MultiMedia5" value="1" />
    </path>

    <path name="low-latency-playback usb-headphones">
        <ctl name="USB_AUDIO_RX Audio Mixer MultiMedia5" value="1" />
    </path>

    <path name="low-latency-playback usb-headset">
        <ctl name="USB_AUDIO_RX Audio Mixer MultiMedia5" value="1" />
    </path>

    <path name="low-latency-playback speaker-and-usb-headphones">
        <path name="low-latency-playback usb-headphones" />
        <path name="low-latency-playback" />
    </path>

    <path name="low-latency-playback headphones">
    </path>

    <path name="low-latency-playback speaker-and-headphones">
        <path name="low-latency-playback headphones" />
        <path name="low-latency-playback" />
    </path>

    <path name="low-latency-playback resume">
        <ctl name="MultiMedia5_RX QOS Vote" value="Enable" />
    </path>

    <path name="low-latency-playback speaker-and-bt-sco">
        <path name="low-latency-playback bt-sco" />
        <path name="low-latency-playback" />
    </path>

    <path name="low-latency-playback speaker-and-bt-sco-wb">
        <path name="low-latency-playback bt-sco-wb" />
        <path name="low-latency-playback" />
    </path>

    <path name="audio-ull-playback">
        <ctl name="SLIMBUS_0_RX Audio Mixer MultiMedia8" value="1" />
    </path>

    <path name="audio-ull-playback speaker-protected">
        <path name="audio-ull-playback" />
    </path>

    <path name="audio-ull-playback headphones">
    </path>

    <path name="audio-ull-playback speaker-and-headphones">
        <path name="audio-ull-playback" />
        <path name="audio-ull-playback headphones" />
    </path>

    <path name="audio-ull-playback display-port">
        <ctl name="DISPLAY_PORT Mixer MultiMedia8" value="1" />
    </path>

    <path name="audio-ull-playback bt-sco">
        <ctl name="SLIMBUS_7_RX Audio Mixer MultiMedia8" value="1" />
    </path>

    <path name="audio-ull-playback bt-sco-wb">
        <ctl name="BT SampleRate" value="KHZ_16" />
        <path name="audio-ull-playback bt-sco" />
    </path>

    <path name="audio-ull-playback speaker-and-display-port">
        <path name="audio-ull-playback display-port" />
        <path name="audio-ull-playback" />
    </path>

    <path name="audio-ull-playback afe-proxy">
        <ctl name="AFE_PCM_RX Audio Mixer MultiMedia8" value="1" />
    </path>

    <path name="audio-ull-playback usb-headphones">
        <ctl name="USB_AUDIO_RX Audio Mixer MultiMedia8" value="1" />
    </path>

    <path name="audio-ull-playback usb-headset">
        <ctl name="USB_AUDIO_RX Audio Mixer MultiMedia8" value="1" />
    </path>

    <path name="audio-ull-playback speaker-and-bt-sco">
        <path name="audio-ull-playback bt-sco" />
        <path name="audio-ull-playback" />
    </path>

    <path name="audio-ull-playback speaker-and-bt-sco-wb">
        <path name="audio-ull-playback bt-sco-wb" />
        <path name="audio-ull-playback" />
    </path>

    <path name="multi-channel-playback display-port">
        <ctl name="DISPLAY_PORT Mixer MultiMedia2" value="1" />
    </path>

    <path name="multi-channel-playback afe-proxy">
        <ctl name="AFE_PCM_RX Audio Mixer MultiMedia2" value="1" />
    </path>

    <path name="compress-offload-playback">
        <ctl name="SLIMBUS_0_RX Audio Mixer MultiMedia4" value="1" />
    </path>

    <path name="compress-offload-playback speaker-protected">
        <path name="compress-offload-playback" />
    </path>

    <path name="compress-offload-playback display-port">
        <ctl name="DISPLAY_PORT Mixer MultiMedia4" value="1" />
    </path>

    <path name="silence-playback display-port">
        <ctl name="DISPLAY_PORT Mixer MultiMedia9" value="1" />
    </path>

    <path name="compress-offload-playback bt-sco">
        <ctl name="SLIMBUS_7_RX Audio Mixer MultiMedia4" value="1" />
    </path>

    <path name="compress-offload-playback bt-sco-wb">
        <ctl name="BT SampleRate" value="KHZ_16" />
        <path name="compress-offload-playback bt-sco" />
    </path>

    <path name="compress-offload-playback speaker-and-display-port">
        <path name="compress-offload-playback display-port" />
        <path name="compress-offload-playback" />
    </path>

    <path name="compress-offload-playback afe-proxy">
        <ctl name="AFE_PCM_RX Audio Mixer MultiMedia4" value="1" />
    </path>

    <path name="compress-offload-playback usb-headphones">
        <ctl name="USB_AUDIO_RX Audio Mixer MultiMedia4" value="1" />
    </path>

    <path name="compress-offload-playback usb-headset">
        <ctl name="USB_AUDIO_RX Audio Mixer MultiMedia4" value="1" />
    </path>

    <path name="compress-offload-playback speaker-and-usb-headphones">
        <path name="compress-offload-playback usb-headphones" />
        <path name="compress-offload-playback" />
    </path>

    <path name="compress-offload-playback headphones">
    </path>

    <path name="compress-offload-playback headphones-44.1">
    </path>

    <path name="compress-offload-playback headphones-dsd">
    </path>

    <path name="compress-offload-playback speaker-and-headphones">
        <path name="compress-offload-playback headphones" />
        <path name="compress-offload-playback" />
    </path>

    <path name="compress-offload-playback speaker-and-bt-sco">
        <path name="compress-offload-playback bt-sco" />
        <path name="compress-offload-playback" />
    </path>

    <path name="compress-offload-playback speaker-and-bt-sco-wb">
        <path name="compress-offload-playback bt-sco-wb" />
        <path name="compress-offload-playback" />
    </path>

    <path name="compress-offload-playback2">
        <ctl name="SLIMBUS_0_RX Audio Mixer MultiMedia7" value="1" />
    </path>

    <path name="compress-offload-playback2 display-port">
        <ctl name="DISPLAY_PORT Mixer MultiMedia7" value="1" />
    </path>

    <path name="compress-offload-playback2 bt-sco">
        <ctl name="SLIMBUS_7_RX Audio Mixer MultiMedia7" value="1" />
    </path>

    <path name="compress-offload-playback2 bt-sco-wb">
        <ctl name="BT SampleRate" value="KHZ_16" />
        <path name="compress-offload-playback2 bt-sco" />
    </path>

    <path name="compress-offload-playback2 speaker-and-display-port">
        <path name="compress-offload-playback2 display-port" />
        <path name="compress-offload-playback2" />
    </path>

    <path name="compress-offload-playback2 afe-proxy">
        <ctl name="AFE_PCM_RX Audio Mixer MultiMedia7" value="1" />
    </path>

    <path name="compress-offload-playback2 usb-headphones">
        <ctl name="USB_AUDIO_RX Audio Mixer MultiMedia7" value="1" />
    </path>

    <path name="compress-offload-playback2 usb-headset">
        <ctl name="USB_AUDIO_RX Audio Mixer MultiMedia7" value="1" />
    </path>

    <path name="compress-offload-playback2 speaker-and-usb-headphones">
        <path name="compress-offload-playback2 usb-headphones" />
        <path name="compress-offload-playback2" />
    </path>

    <path name="compress-offload-playback2 headphones">
    </path>

    <path name="compress-offload-playback2 headphones-44.1">
    </path>

    <path name="compress-offload-playback2 headphones-dsd">
    </path>

    <path name="compress-offload-playback2 speaker-and-headphones">
        <path name="compress-offload-playback2 headphones" />
        <path name="compress-offload-playback2" />
    </path>

    <path name="compress-offload-playback2 speaker-and-bt-sco">
        <path name="compress-offload-playback2 bt-sco" />
        <path name="compress-offload-playback2" />
    </path>

    <path name="compress-offload-playback2 speaker-and-bt-sco-wb">
        <path name="compress-offload-playback2 bt-sco-wb" />
        <path name="compress-offload-playback2" />
    </path>

    <path name="compress-offload-playback3">
        <ctl name="SLIMBUS_0_RX Audio Mixer MultiMedia10" value="1" />
    </path>

    <path name="compress-offload-playback3 display-port">
        <ctl name="DISPLAY_PORT Mixer MultiMedia10" value="1" />
    </path>

    <path name="compress-offload-playback3 bt-sco">
        <ctl name="SLIMBUS_7_RX Audio Mixer MultiMedia10" value="1" />
    </path>

    <path name="compress-offload-playback3 bt-sco-wb">
        <ctl name="BT SampleRate" value="KHZ_16" />
        <path name="compress-offload-playback3 bt-sco" />
    </path>

    <path name="compress-offload-playback3 speaker-and-display-port">
        <path name="compress-offload-playback3 display-port" />
        <path name="compress-offload-playback3" />
    </path>

    <path name="compress-offload-playback3 afe-proxy">
        <ctl name="AFE_PCM_RX Audio Mixer MultiMedia10" value="1" />
    </path>

    <path name="compress-offload-playback3 usb-headphones">
        <ctl name="USB_AUDIO_RX Audio Mixer MultiMedia10" value="1" />
    </path>

    <path name="compress-offload-playback3 usb-headset">
        <ctl name="USB_AUDIO_RX Audio Mixer MultiMedia10" value="1" />
    </path>

    <path name="compress-offload-playback3 speaker-and-usb-headphones">
        <path name="compress-offload-playback3 usb-headphones" />
        <path name="compress-offload-playback3" />
    </path>

    <path name="compress-offload-playback3 headphones">
    </path>

    <path name="compress-offload-playback3 headphones-44.1">
    </path>

    <path name="compress-offload-playback3 headphones-dsd">
    </path>

    <path name="compress-offload-playback3 speaker-and-headphones">
        <path name="compress-offload-playback3 headphones" />
        <path name="compress-offload-playback3" />
    </path>

    <path name="compress-offload-playback3 speaker-and-bt-sco">
        <path name="compress-offload-playback3 bt-sco" />
        <path name="compress-offload-playback3" />
    </path>

    <path name="compress-offload-playback3 speaker-and-bt-sco-wb">
        <path name="compress-offload-playback3 bt-sco-wb" />
        <path name="compress-offload-playback3" />
    </path>

    <path name="compress-offload-playback4">
        <ctl name="SLIMBUS_0_RX Audio Mixer MultiMedia11" value="1" />
    </path>

    <path name="compress-offload-playback4 display-port">
        <ctl name="DISPLAY_PORT Mixer MultiMedia11" value="1" />
    </path>

    <path name="compress-offload-playback4 bt-sco">
        <ctl name="SLIMBUS_7_RX Audio Mixer MultiMedia11" value="1" />
    </path>

    <path name="compress-offload-playback4 bt-sco-wb">
        <ctl name="BT SampleRate" value="KHZ_16" />
        <path name="compress-offload-playback4 bt-sco" />
    </path>

    <path name="compress-offload-playback4 speaker-and-display-port">
        <path name="compress-offload-playback4 display-port" />
        <path name="compress-offload-playback4" />
    </path>


    <path name="compress-offload-playback4 afe-proxy">
        <ctl name="AFE_PCM_RX Audio Mixer MultiMedia11" value="1" />
    </path>

    <path name="compress-offload-playback4 usb-headphones">
        <ctl name="USB_AUDIO_RX Audio Mixer MultiMedia11" value="1" />
    </path>

    <path name="compress-offload-playback4 usb-headset">
        <ctl name="USB_AUDIO_RX Audio Mixer MultiMedia11" value="1" />
    </path>

    <path name="compress-offload-playback4 speaker-and-usb-headphones">
        <path name="compress-offload-playback4 usb-headphones" />
        <path name="compress-offload-playback4" />
    </path>

    <path name="compress-offload-playback4 headphones">
    </path>

    <path name="compress-offload-playback4 headphones-44.1">
    </path>

    <path name="compress-offload-playback4 headphones-dsd">
    </path>

    <path name="compress-offload-playback4 speaker-and-headphones">
        <path name="compress-offload-playback4 headphones" />
        <path name="compress-offload-playback4" />
    </path>

    <path name="compress-offload-playback4 speaker-and-bt-sco">
        <path name="compress-offload-playback4 bt-sco" />
        <path name="compress-offload-playback4" />
    </path>

    <path name="compress-offload-playback4 speaker-and-bt-sco-wb">
        <path name="compress-offload-playback4 bt-sco-wb" />
        <path name="compress-offload-playback4" />
    </path>

    <path name="compress-offload-playback5">
        <ctl name="SLIMBUS_0_RX Audio Mixer MultiMedia12" value="1" />
    </path>

    <path name="compress-offload-playback5 display-port">
        <ctl name="DISPLAY_PORT Mixer MultiMedia12" value="1" />
    </path>

    <path name="compress-offload-playback5 bt-sco">
        <ctl name="SLIMBUS_7_RX Audio Mixer MultiMedia12" value="1" />
    </path>

    <path name="compress-offload-playback5 bt-sco-wb">
        <ctl name="BT SampleRate" value="KHZ_16" />
        <path name="compress-offload-playback5 bt-sco" />
    </path>

    <path name="compress-offload-playback5 speaker-and-display-port">
        <path name="compress-offload-playback5 display-port" />
        <path name="compress-offload-playback5" />
    </path>

    <path name="compress-offload-playback5 afe-proxy">
        <ctl name="AFE_PCM_RX Audio Mixer MultiMedia12" value="1" />
    </path>

    <path name="compress-offload-playback5 usb-headphones">
        <ctl name="USB_AUDIO_RX Audio Mixer MultiMedia12" value="1" />
    </path>

    <path name="compress-offload-playback5 usb-headset">
        <ctl name="USB_AUDIO_RX Audio Mixer MultiMedia12" value="1" />
    </path>

    <path name="compress-offload-playback5 speaker-and-usb-headphones">
        <path name="compress-offload-playback5 usb-headphones" />
        <path name="compress-offload-playback5" />
    </path>

    <path name="compress-offload-playback5 headphones">
    </path>

    <path name="compress-offload-playback5 headphones-44.1">
    </path>

    <path name="compress-offload-playback5 headphones-dsd">
    </path>

    <path name="compress-offload-playback5 speaker-and-headphones">
        <path name="compress-offload-playback5 headphones" />
        <path name="compress-offload-playback5" />
    </path>

    <path name="compress-offload-playback5 speaker-and-bt-sco">
        <path name="compress-offload-playback5 bt-sco" />
        <path name="compress-offload-playback5" />
    </path>

    <path name="compress-offload-playback5 speaker-and-bt-sco-wb">
        <path name="compress-offload-playback5 bt-sco-wb" />
        <path name="compress-offload-playback5" />
    </path>

    <path name="compress-offload-playback6">
        <ctl name="SLIMBUS_0_RX Audio Mixer MultiMedia13" value="1" />
    </path>

    <path name="compress-offload-playback6 display-port">
        <ctl name="DISPLAY_PORT Mixer MultiMedia13" value="1" />
    </path>

    <path name="compress-offload-playback6 bt-sco">
        <ctl name="SLIMBUS_7_RX Audio Mixer MultiMedia13" value="1" />
    </path>

    <path name="compress-offload-playback6 bt-sco-wb">
        <ctl name="BT SampleRate" value="KHZ_16" />
        <path name="compress-offload-playback6 bt-sco" />
    </path>

    <path name="compress-offload-playback6 speaker-and-display-port">
        <path name="compress-offload-playback6 display-port" />
        <path name="compress-offload-playback6" />
    </path>

    <path name="compress-offload-playback6 afe-proxy">
        <ctl name="AFE_PCM_RX Audio Mixer MultiMedia13" value="1" />
    </path>

    <path name="compress-offload-playback6 usb-headphones">
        <ctl name="USB_AUDIO_RX Audio Mixer MultiMedia13" value="1" />
    </path>

    <path name="compress-offload-playback6 usb-headset">
        <ctl name="USB_AUDIO_RX Audio Mixer MultiMedia13" value="1" />
    </path>

    <path name="compress-offload-playback6 speaker-and-usb-headphones">
        <path name="compress-offload-playback6 usb-headphones" />
        <path name="compress-offload-playback6" />
    </path>

    <path name="compress-offload-playback6 headphones">
    </path>

    <path name="compress-offload-playback6 headphones-44.1">
    </path>

    <path name="compress-offload-playback6 headphones-dsd">
    </path>

    <path name="compress-offload-playback6 speaker-and-headphones">
        <path name="compress-offload-playback6 headphones" />
        <path name="compress-offload-playback6" />
    </path>

    <path name="compress-offload-playback6 speaker-and-bt-sco">
        <path name="compress-offload-playback6 bt-sco" />
        <path name="compress-offload-playback6" />
    </path>

    <path name="compress-offload-playback6 speaker-and-bt-sco-wb">
        <path name="compress-offload-playback6 bt-sco-wb" />
        <path name="compress-offload-playback6" />
    </path>

    <path name="compress-offload-playback7">
        <ctl name="SLIMBUS_0_RX Audio Mixer MultiMedia14" value="1" />
    </path>

    <path name="compress-offload-playback7 display-port">
        <ctl name="DISPLAY_PORT Mixer MultiMedia14" value="1" />
    </path>

    <path name="compress-offload-playback7 bt-sco">
        <ctl name="SLIMBUS_7_RX Audio Mixer MultiMedia14" value="1" />
    </path>

    <path name="compress-offload-playback7 bt-sco-wb">
        <ctl name="BT SampleRate" value="KHZ_16" />
        <path name="compress-offload-playback7 bt-sco" />
    </path>

    <path name="compress-offload-playback7 speaker-and-display-port">
        <path name="compress-offload-playback7 display-port" />
        <path name="compress-offload-playback7" />
    </path>

    <path name="compress-offload-playback7 afe-proxy">
        <ctl name="AFE_PCM_RX Audio Mixer MultiMedia14" value="1" />
    </path>

    <path name="compress-offload-playback7 usb-headphones">
        <ctl name="USB_AUDIO_RX Audio Mixer MultiMedia14" value="1" />
    </path>

    <path name="compress-offload-playback7 usb-headset">
        <ctl name="USB_AUDIO_RX Audio Mixer MultiMedia14" value="1" />
    </path>

    <path name="compress-offload-playback7 speaker-and-usb-headphones">
        <path name="compress-offload-playback7 usb-headphones" />
        <path name="compress-offload-playback7" />
    </path>

    <path name="compress-offload-playback7 headphones">
    </path>

    <path name="compress-offload-playback7 headphones-44.1">
    </path>

    <path name="compress-offload-playback7 headphones-dsd">
    </path>

    <path name="compress-offload-playback7 speaker-and-headphones">
        <path name="compress-offload-playback7 headphones" />
        <path name="compress-offload-playback7" />
    </path>

    <path name="compress-offload-playback7 speaker-and-bt-sco">
        <path name="compress-offload-playback7 bt-sco" />
        <path name="compress-offload-playback7" />
    </path>

    <path name="compress-offload-playback7 speaker-and-bt-sco-wb">
        <path name="compress-offload-playback7 bt-sco-wb" />
        <path name="compress-offload-playback7" />
    </path>

    <path name="compress-offload-playback8">
        <ctl name="SLIMBUS_0_RX Audio Mixer MultiMedia15" value="1" />
    </path>

    <path name="compress-offload-playback8 display-port">
        <ctl name="DISPLAY_PORT Mixer MultiMedia15" value="1" />
    </path>

    <path name="compress-offload-playback8 bt-sco">
        <ctl name="SLIMBUS_7_RX Audio Mixer MultiMedia15" value="1" />
    </path>

    <path name="compress-offload-playback8 bt-sco-wb">
        <ctl name="BT SampleRate" value="KHZ_16" />
        <path name="compress-offload-playback8 bt-sco" />
    </path>

    <path name="compress-offload-playback8 speaker-and-display-port">
        <path name="compress-offload-playback8 display-port" />
        <path name="compress-offload-playback8" />
    </path>

    <path name="compress-offload-playback8 afe-proxy">
        <ctl name="AFE_PCM_RX Audio Mixer MultiMedia15" value="1" />
    </path>

    <path name="compress-offload-playback8 usb-headphones">
        <ctl name="USB_AUDIO_RX Audio Mixer MultiMedia15" value="1" />
    </path>

    <path name="compress-offload-playback8 usb-headset">
        <ctl name="USB_AUDIO_RX Audio Mixer MultiMedia15" value="1" />
    </path>

    <path name="compress-offload-playback8 speaker-and-usb-headphones">
        <path name="compress-offload-playback8 usb-headphones" />
        <path name="compress-offload-playback8" />
    </path>

    <path name="compress-offload-playback8 headphones">
    </path>

    <path name="compress-offload-playback8 headphones-44.1">
    </path>

    <path name="compress-offload-playback8 headphones-dsd">
    </path>

    <path name="compress-offload-playback8 speaker-and-headphones">
        <path name="compress-offload-playback8 headphones" />
        <path name="compress-offload-playback8" />
    </path>

    <path name="compress-offload-playback8 speaker-and-bt-sco">
        <path name="compress-offload-playback8 bt-sco" />
        <path name="compress-offload-playback8" />
    </path>

    <path name="compress-offload-playback8 speaker-and-bt-sco-wb">
        <path name="compress-offload-playback8 bt-sco-wb" />
        <path name="compress-offload-playback8" />
    </path>

    <path name="compress-offload-playback9">
        <ctl name="SLIMBUS_0_RX Audio Mixer MultiMedia16" value="1" />
    </path>

    <path name="compress-offload-playback9 display-port">
        <ctl name="DISPLAY_PORT Mixer MultiMedia16" value="1" />
    </path>

    <path name="compress-offload-playback9 bt-sco">
        <ctl name="SLIMBUS_7_RX Audio Mixer MultiMedia16" value="1" />
    </path>

    <path name="compress-offload-playback9 bt-sco-wb">
        <ctl name="BT SampleRate" value="KHZ_16" />
        <path name="compress-offload-playback9 bt-sco" />
    </path>

    <path name="compress-offload-playback9 speaker-and-display-port">
        <path name="compress-offload-playback9 display-port" />
        <path name="compress-offload-playback9" />
    </path>

    <path name="compress-offload-playback9 afe-proxy">
        <ctl name="AFE_PCM_RX Audio Mixer MultiMedia16" value="1" />
    </path>

    <path name="compress-offload-playback9 usb-headphones">
        <ctl name="USB_AUDIO_RX Audio Mixer MultiMedia16" value="1" />
    </path>

    <path name="compress-offload-playback9 usb-headset">
        <ctl name="USB_AUDIO_RX Audio Mixer MultiMedia16" value="1" />
    </path>

    <path name="compress-offload-playback9 speaker-and-usb-headphones">
        <path name="compress-offload-playback9 usb-headphones" />
        <path name="compress-offload-playback9" />
    </path>

    <path name="compress-offload-playback9 headphones">
    </path>

    <path name="compress-offload-playback9 headphones-44.1">
    </path>

    <path name="compress-offload-playback9 headphones-dsd">
    </path>

    <path name="compress-offload-playback9 speaker-and-headphones">
        <path name="compress-offload-playback9 headphones" />
        <path name="compress-offload-playback9" />
    </path>

    <path name="compress-offload-playback9 speaker-and-bt-sco">
        <path name="compress-offload-playback9 bt-sco" />
        <path name="compress-offload-playback9" />
    </path>

    <path name="compress-offload-playback9 speaker-and-bt-sco-wb">
        <path name="compress-offload-playback9 bt-sco-wb" />
        <path name="compress-offload-playback9" />
    </path>

    <path name="audio-record">
        <ctl name="MultiMedia1 Mixer SLIM_0_TX" value="1" />
    </path>

    <path name="audio-record usb-headset-mic">
        <ctl name="MultiMedia1 Mixer USB_AUDIO_TX" value="1" />
    </path>

    <path name="audio-record bt-sco">
        <ctl name="MultiMedia1 Mixer SLIM_7_TX" value="1" />
    </path>

    <path name="audio-record bt-sco-wb">
        <ctl name="BT SampleRate" value="KHZ_16" />
        <path name="audio-record bt-sco" />
    </path>

    <path name="audio-record capture-fm">
        <ctl name="MultiMedia1 Mixer SLIM_8_TX" value="1" />
    </path>

    <path name="audio-record-compress">
        <ctl name="MultiMedia8 Mixer SLIM_0_TX" value="1" />
    </path>

    <path name="audio-record-compress bt-sco">
        <ctl name="MultiMedia8 Mixer SLIM_7_TX" value="1" />
    </path>

    <path name="audio-record-compress bt-sco-wb">
        <ctl name="BT SampleRate" value="KHZ_16" />
        <path name="audio-record-compress bt-sco" />
    </path>

    <path name="audio-record-compress usb-headset-mic">
        <ctl name="MultiMedia8 Mixer USB_AUDIO_TX" value="1" />
    </path>

    <path name="low-latency-record">
      <ctl name="MultiMedia8 Mixer SLIM_0_TX" value="1" />
    </path>

    <path name="low-latency-record bt-sco">
      <ctl name="MultiMedia8 Mixer SLIM_7_TX" value="1" />
    </path>

    <path name="low-latency-record bt-sco-wb">
        <ctl name="BT SampleRate" value="KHZ_16" />
        <path name="low-latency-record bt-sco" />
    </path>

    <path name="low-latency-record usb-headset-mic">
        <ctl name="MultiMedia8 Mixer USB_AUDIO_TX" value="1" />
    </path>

    <path name="low-latency-record capture-fm">
      <ctl name="MultiMedia8 Mixer SLIM_8_TX" value="1" />
    </path>

    <path name="fm-virtual-record capture-fm">
        <ctl name="MultiMedia2 Mixer SLIM_8_TX" value="1" />
    </path>

    <path name="play-fm">
        <ctl name="SLIMBUS_8 LOOPBACK Volume" value="1" />
        <ctl name="SLIMBUS_0_RX Port Mixer SLIM_8_TX" value="1" />
        <ctl name="SLIMBUS_DL_HL Switch" value="1" />
    </path>

    <path name="play-fm headphones">
    </path>

    <path name="incall-rec-uplink">
        <ctl name="MultiMedia1 Mixer VOC_REC_UL" value="1" />
    </path>

    <path name="incall-rec-uplink bt-sco">
        <path name="incall-rec-uplink" />
    </path>

    <path name="incall-rec-uplink bt-sco-wb">
        <path name="incall-rec-uplink" />
    </path>

    <path name="incall-rec-uplink usb-headset-mic">
        <path name="incall-rec-uplink" />
    </path>

    <path name="incall-rec-uplink afe-proxy">
        <path name="incall-rec-uplink" />
    </path>

    <path name="incall-rec-uplink-compress">
        <ctl name="MultiMedia8 Mixer VOC_REC_UL" value="1" />
    </path>

    <path name="incall-rec-uplink-compress bt-sco">
        <path name="incall-rec-uplink-compress" />
    </path>

    <path name="incall-rec-uplink-compress bt-sco-wb">
        <path name="incall-rec-uplink-compress" />
    </path>

    <path name="incall-rec-uplink-compress usb-headset-mic">
        <path name="incall-rec-uplink-compress" />
    </path>

    <path name="incall-rec-uplink-compress afe-proxy">
        <path name="incall-rec-uplink-compress" />
    </path>

    <path name="incall-rec-downlink">
        <ctl name="MultiMedia1 Mixer VOC_REC_DL"  value="1" />
    </path>

    <path name="incall-rec-downlink bt-sco">
        <path name="incall-rec-downlink" />
    </path>

    <path name="incall-rec-downlink bt-sco-wb">
        <path name="incall-rec-downlink" />
    </path>

    <path name="incall-rec-downlink usb-headset-mic">
        <path name="incall-rec-downlink" />
    </path>

    <path name="incall-rec-downlink afe-proxy">
        <path name="incall-rec-downlink" />
    </path>

    <path name="incall-rec-downlink-compress">
        <ctl name="MultiMedia8 Mixer VOC_REC_DL" value="1" />
    </path>

    <path name="incall-rec-downlink-compress bt-sco">
        <path name="incall-rec-downlink-compress" />
    </path>

    <path name="incall-rec-downlink-compress bt-sco-wb">
        <path name="incall-rec-downlink-compress" />
    </path>

    <path name="incall-rec-downlink-compress usb-headset-mic">
        <path name="incall-rec-downlink-compress" />
    </path>

    <path name="incall-rec-downlink-compress afe-proxy">
        <path name="incall-rec-downlink-compress" />
    </path>

    <path name="incall-rec-uplink-and-downlink">
        <path name="incall-rec-uplink" />
        <path name="incall-rec-downlink" />
    </path>

    <path name="incall-rec-uplink-and-downlink bt-sco">
        <path name="incall-rec-uplink-and-downlink" />
    </path>

    <path name="incall-rec-uplink-and-downlink bt-sco-wb">
        <path name="incall-rec-uplink-and-downlink" />
    </path>

    <path name="incall-rec-uplink-and-downlink usb-headset-mic">
        <path name="incall-rec-uplink-and-downlink" />
    </path>

    <path name="incall-rec-uplink-and-downlink afe-proxy">
        <path name="incall-rec-uplink-and-downlink" />
    </path>

    <path name="incall-rec-uplink-and-downlink-compress">
        <path name="incall-rec-uplink-compress" />
        <path name="incall-rec-downlink-compress" />
    </path>

    <path name="incall-rec-uplink-and-downlink-compress bt-sco">
        <path name="incall-rec-uplink-and-downlink-compress" />
    </path>

    <path name="incall-rec-uplink-and-downlink-compress bt-sco-wb">
        <path name="incall-rec-uplink-and-downlink-compress" />
    </path>

    <path name="incall-rec-uplink-and-downlink-compress usb-headset-mic">
        <path name="incall-rec-uplink-and-downlink-compress" />
    </path>

    <path name="incall-rec-uplink-and-downlink-compress afe-proxy">
        <path name="incall-rec-uplink-and-downlink-compress" />
    </path>

    <path name="hfp-sco">
    </path>

    <path name="hfp-sco headphones">
    </path>

   <path name="hfp-sco-wb">
        <path name="hfp-sco" />
   </path>

    <path name="hfp-sco-wb headphones">
        <path name="hfp-sco headphones" />
    </path>

    <path name="compress-voip-call">
        <ctl name="SLIM_0_RX_Voice Mixer Voip" value="1" />
        <ctl name="Voip_Tx Mixer SLIM_0_TX_Voip" value="1" />
    </path>

    <path name="compress-voip-call bt-a2dp">
        <ctl name="SLIM_7_RX_Voice Mixer Voip" value="1" />
        <ctl name="Voip_Tx Mixer SLIM_0_TX_Voip" value="1" />
    </path>

    <path name="compress-voip-call headphones">
    </path>


    <path name="compress-voip-call bt-sco">
        <ctl name="SLIM_7_RX_Voice Mixer Voip" value="1" />
        <ctl name="Voip_Tx Mixer SLIM_7_TX_Voip" value="1" />
    </path>

    <path name="compress-voip-call bt-sco-wb">
        <ctl name="BT SampleRate" value="KHZ_16" />
        <path name="compress-voip-call bt-sco" />
    </path>

    <path name="compress-voip-call afe-proxy">
        <ctl name="AFE_PCM_RX_Voice Mixer Voip" value="1" />
        <ctl name="Voip_Tx Mixer AFE_PCM_TX_Voip" value="1" />
    </path>

    <path name="compress-voip-call usb-headphones">
        <ctl name="USB_AUDIO_RX_Voice Mixer Voip" value="1" />
        <ctl name="Voip_Tx Mixer SLIM_0_TX_Voip" value="1" />
    </path>

    <path name="compress-voip-call usb-headset">
        <ctl name="USB_AUDIO_RX_Voice Mixer Voip" value="1" />
        <ctl name="Voip_Tx Mixer USB_AUDIO_TX_Voip" value="1" />
    </path>

    <path name="voicemmode1-call">
        <ctl name="SLIM_0_RX_Voice Mixer VoiceMMode1" value="1" />
        <ctl name="VoiceMMode1_Tx Mixer SLIM_0_TX_MMode1" value="1" />
    </path>

    <path name="voicemmode1-call headphones">
    </path>

    <path name="voicemmode1-call bt-sco">
        <ctl name="SLIM_7_RX_Voice Mixer VoiceMMode1" value="1" />
        <ctl name="VoiceMMode1_Tx Mixer SLIM_7_TX_MMode1" value="1" />
    </path>

    <path name="voicemmode1-call bt-sco-wb">
        <ctl name="BT SampleRate" value="KHZ_16" />
        <path name="voicemmode1-call bt-sco" />
    </path>

    <path name="voicemmode1-call afe-proxy">
        <ctl name="AFE_PCM_RX_Voice Mixer VoiceMMode1" value="1" />
        <ctl name="VoiceMMode1_Tx Mixer AFE_PCM_TX_MMode1" value="1" />
    </path>

    <path name="voicemmode1-call usb-headphones">
        <ctl name="USB_AUDIO_RX_Voice Mixer VoiceMMode1" value="1" />
        <ctl name="VoiceMMode1_Tx Mixer SLIM_0_TX_MMode1" value="1" />
    </path>

    <path name="voicemmode1-call usb-headset">
        <ctl name="USB_AUDIO_RX_Voice Mixer VoiceMMode1" value="1" />
        <ctl name="VoiceMMode1_Tx Mixer USB_AUDIO_TX_MMode1" value="1" />
    </path>

    <path name="voicemmode2-call">
        <ctl name="SLIM_0_RX_Voice Mixer VoiceMMode2" value="1" />
        <ctl name="VoiceMMode2_Tx Mixer SLIM_0_TX_MMode2" value="1" />
    </path>

    <path name="voicemmode2-call headphones">
    </path>

    <path name="voicemmode2-call bt-sco">
        <ctl name="SLIM_7_RX_Voice Mixer VoiceMMode2" value="1" />
        <ctl name="VoiceMMode2_Tx Mixer SLIM_7_TX_MMode2" value="1" />
    </path>

    <path name="voicemmode2-call bt-sco-wb">
        <ctl name="BT SampleRate" value="KHZ_16" />
        <path name="voicemmode2-call bt-sco" />
    </path>

    <path name="voicemmode2-call afe-proxy">
        <ctl name="AFE_PCM_RX_Voice Mixer VoiceMMode2" value="1" />
        <ctl name="VoiceMMode2_Tx Mixer AFE_PCM_TX_MMode2" value="1" />
    </path>

    <path name="voicemmode2-call usb-headphones">
        <ctl name="USB_AUDIO_RX_Voice Mixer VoiceMMode2" value="1" />
        <ctl name="VoiceMMode2_Tx Mixer SLIM_0_TX_MMode2" value="1" />
    </path>

    <path name="voicemmode2-call usb-headset">
        <ctl name="USB_AUDIO_RX_Voice Mixer VoiceMMode2" value="1" />
        <ctl name="VoiceMMode2_Tx Mixer USB_AUDIO_TX_MMode2" value="1" />
    </path>

    <!-- VoIP Rx settings -->
    <path name="audio-playback-voip">
        <ctl name="SLIMBUS_0_RX Audio Mixer MultiMedia10" value="1" />
    </path>

    <path name="audio-playback-voip headphones">
    </path>

    <path name="audio-playback-voip bt-sco">
        <ctl name="SLIMBUS_7_RX Audio Mixer MultiMedia10" value="1" />
    </path>

    <path name="audio-playback-voip bt-sco-wb">
        <ctl name="BT SampleRate" value="KHZ_16" />
        <path name="audio-playback-voip bt-sco" />
    </path>

    <path name="audio-playback-voip bt-a2dp">
        <ctl name="SLIMBUS_7_RX Audio Mixer MultiMedia10" value="1" />
    </path>

    <path name="audio-playback-voip afe-proxy">
        <ctl name="AFE_PCM_RX Audio Mixer MultiMedia10" value="1" />
    </path>

    <path name="audio-playback-voip usb-headphones">
        <ctl name="USB_AUDIO_RX Audio Mixer MultiMedia10" value="1" />
    </path>

    <path name="audio-playback-voip usb-headset">
        <ctl name="USB_AUDIO_RX Audio Mixer MultiMedia10" value="1" />
    </path>

    <path name="audio-playback-voip display-port">
        <ctl name="DISPLAY_PORT Mixer MultiMedia10" value="1" />
    </path>

    <path name="audio-playback-voip speaker-and-display-port">
        <path name="audio-playback-voip display-port" />
        <path name="audio-playback-voip" />
    </path>

    <!-- VoIP Tx settings -->
    <path name="audio-record-voip">
        <ctl name="MultiMedia10 Mixer SLIM_0_TX" value="1" />
    </path>

    <path name="audio-record-voip usb-headset-mic">
        <ctl name="MultiMedia10 Mixer USB_AUDIO_TX" value="1" />
    </path>

    <path name="audio-record-voip bt-sco">
        <ctl name="MultiMedia10 Mixer SLIM_7_TX" value="1" />
    </path>

    <path name="audio-record-voip bt-sco-wb">
        <ctl name="BT SampleRate" value="KHZ_16" />
        <path name="audio-record-voip bt-sco" />
    </path>
   <path name="spkr-rx-calib">
        <ctl name="SLIMBUS_DL_HL Switch"  value="1" />
    </path>

    <path name="spkr-vi-record">
    </path>

    <!-- These are actual sound device specific mixer settings -->
    <path name="amic1">
        <ctl name="AIF1_CAP Mixer SLIM TX6" value="1"/>
        <ctl name="SLIM_0_TX Channels" value="One" />
        <ctl name="CDC_IF TX6 MUX" value="DEC6" />
        <ctl name="ADC MUX6" value="AMIC" />
        <ctl name="AMIC MUX6" value="ADC1" />
        <ctl name="IIR0 INP0 MUX" value="DEC6" />
    </path>

    <path name="amic2">
    </path>

    <!-- For Pahu, DMIC numbered from 0 to 7 -->
    <path name="dmic1">
        <ctl name="AIF1_CAP Mixer SLIM TX7" value="1" />
        <ctl name="CDC_IF TX7 MUX" value="DEC7" />
        <ctl name="SLIM_0_TX Channels" value="One" />
        <ctl name="ADC MUX7" value="DMIC" />
        <ctl name="DMIC MUX7" value="DMIC0" />
        <ctl name="IIR0 INP0 MUX" value="DEC7" />
    </path>

    <path name="dmic2">
        <ctl name="AIF1_CAP Mixer SLIM TX7" value="1"/>
        <ctl name="CDC_IF TX7 MUX" value="DEC7" />
        <ctl name="SLIM_0_TX Channels" value="One" />
        <ctl name="ADC MUX7" value="DMIC" />
        <ctl name="DMIC MUX7" value="DMIC1" />
        <ctl name="IIR0 INP0 MUX" value="DEC7" />
    </path>

    <path name="dmic3">
        <ctl name="AIF1_CAP Mixer SLIM TX7" value="1" />
        <ctl name="CDC_IF TX7 MUX" value="DEC7" />
        <ctl name="SLIM_0_TX Channels" value="One" />
        <ctl name="ADC MUX7" value="DMIC" />
        <ctl name="DMIC MUX7" value="DMIC2" />
        <ctl name="IIR0 INP0 MUX" value="DEC7" />
    </path>

    <path name="dmic4">
        <ctl name="AIF1_CAP Mixer SLIM TX7" value="1" />
        <ctl name="CDC_IF TX7 MUX" value="DEC7" />
        <ctl name="SLIM_0_TX Channels" value="One" />
        <ctl name="ADC MUX7" value="DMIC" />
        <ctl name="DMIC MUX7" value="DMIC3" />
        <ctl name="IIR0 INP0 MUX" value="DEC7" />
    </path>

    <path name="dmic5">
        <ctl name="AIF1_CAP Mixer SLIM TX7" value="1" />
        <ctl name="CDC_IF TX7 MUX" value="DEC7" />
        <ctl name="SLIM_0_TX Channels" value="One" />
        <ctl name="ADC MUX7" value="DMIC" />
        <ctl name="DMIC MUX7" value="DMIC4" />
        <ctl name="IIR0 INP0 MUX" value="DEC7" />
    </path>

    <path name="dmic6">
        <ctl name="AIF1_CAP Mixer SLIM TX7" value="1" />
        <ctl name="CDC_IF TX7 MUX" value="DEC7" />
        <ctl name="SLIM_0_TX Channels" value="One" />
        <ctl name="ADC MUX7" value="DMIC" />
        <ctl name="DMIC MUX7" value="DMIC5" />
        <ctl name="IIR0 INP0 MUX" value="DEC7" />
    </path>

    <path name="dmic7">
        <ctl name="AIF1_CAP Mixer SLIM TX7" value="1" />
        <ctl name="CDC_IF TX7 MUX" value="DEC7" />
        <ctl name="SLIM_0_TX Channels" value="One" />
        <ctl name="ADC MUX7" value="DMIC" />
        <ctl name="DMIC MUX7" value="DMIC6" />
        <ctl name="IIR0 INP0 MUX" value="DEC7" />
    </path>

    <path name="dmic8">
        <ctl name="AIF1_CAP Mixer SLIM TX7" value="1" />
        <ctl name="CDC_IF TX7 MUX" value="DEC7" />
        <ctl name="SLIM_0_TX Channels" value="One" />
        <ctl name="ADC MUX7" value="DMIC" />
        <ctl name="DMIC MUX7" value="DMIC7" />
        <ctl name="IIR0 INP0 MUX" value="DEC7" />
    </path>

    <path name="speaker-cdp">
        <ctl name="SLIM RX0 MUX" value="AIF1_PB" />
        <ctl name="CDC_IF RX0 MUX" value="SLIM RX0" />
        <ctl name="SLIM RX1 MUX" value="AIF1_PB" />
        <ctl name="CDC_IF RX1 MUX" value="SLIM RX1" />
        <ctl name="SLIM_0_RX Channels" value="Two" />
        <ctl name="RX INT7_1 MIX1 INP0" value="RX0" />
        <ctl name="RX INT8_1 MIX1 INP0" value="RX1" />
        <ctl name="COMP7 Switch" value="1" />
        <ctl name="COMP8 Switch" value="1" />
        <ctl name="SpkrLeft COMP Switch" value="1" />
        <ctl name="SpkrLeft BOOST Switch" value="1" />
        <ctl name="SpkrLeft VISENSE Switch" value="1" />
        <ctl name="SpkrLeft SWR DAC_Port Switch" value="1" />
        <ctl name="SpkrRight COMP Switch" value="1" />
        <ctl name="SpkrRight BOOST Switch" value="1" />
        <ctl name="SpkrRight VISENSE Switch" value="1" />
        <ctl name="SpkrRight SWR DAC_Port Switch" value="1" />
    </path>

    <path name="speaker-mono">
        <ctl name="SLIM RX0 MUX" value="AIF1_PB" />
        <ctl name="CDC_IF RX0 MUX" value="SLIM RX0" />
        <ctl name="SLIM_0_RX Channels" value="One" />
        <ctl name="RX INT7_1 MIX1 INP0" value="RX0" />
        <ctl name="COMP7 Switch" value="1" />
        <ctl name="SpkrLeft COMP Switch" value="1" />
        <ctl name="SpkrLeft BOOST Switch" value="1" />
        <ctl name="SpkrLeft VISENSE Switch" value="1" />
        <ctl name="SpkrLeft SWR DAC_Port Switch" value="1" />
    </path>

    <path name="speaker-mono-2">
        <ctl name="SLIM RX1 MUX" value="AIF1_PB" />
        <ctl name="CDC_IF RX1 MUX" value="SLIM RX1" />
        <ctl name="SLIM_0_RX Channels" value="One" />
        <ctl name="RX INT8_1 MIX1 INP0" value="RX1" />
        <ctl name="COMP8 Switch" value="1" />
        <ctl name="SpkrRight COMP Switch" value="1" />
        <ctl name="SpkrRight BOOST Switch" value="1" />
        <ctl name="SpkrRight VISENSE Switch" value="1" />
        <ctl name="SpkrRight SWR DAC_Port Switch" value="1" />
    </path>

    <path name="speaker">
        <path name="speaker-mono" />
    </path>

    <path name="speaker-qrd">
        <path name="speaker-mono-2" />
    </path>

    <path name="speaker-hdk">
        <path name="speaker-mono" />
    </path>

    <path name="speaker-fluid">
        <path name="speaker-mono" />
    </path>

    <path name="speaker-liquid">
        <path name="speaker" />
    </path>

   <path name="sidetone-iir">
        <ctl name="IIR0 Enable Band1" value="1" />
        <ctl name="IIR0 Enable Band2" value="1" />
        <ctl name="IIR0 Enable Band3" value="1" />
        <ctl name="IIR0 Enable Band4" value="1" />
        <ctl name="IIR0 Enable Band5" value="1" />
    </path>

    <path name="sidetone-headphones">
    </path>

    <path name="sidetone-handset">
        <path name="sidetone-iir" />
        <ctl name="IIR0 INP0 Volume" value="54" />
        <ctl name="RX INT7 MIX2 INP" value="SRC0" />
    </path>

    <path name="afe-sidetone">
        <ctl name="Voice Sidetone Enable" value="1" />
    </path>

    <path name="speaker-mic">
        <path name="dmic3" />
    </path>

    <path name="speaker-mic-liquid">
        <path name="dmic3" />
    </path>

    <path name="speaker-mic-sbc">
    </path>

    <path name="speaker-protected">
        <ctl name="AIF4_VI Mixer SPKR_VI_1" value="1" />
        <ctl name="AIF4_VI Mixer SPKR_VI_2" value="1" />
        <ctl name="SLIM_4_TX Format" value="PACKED_16B" />
        <path name="speaker" />
        <ctl name="VI_FEED_TX Channels" value="Two" />
        <ctl name="SLIM0_RX_VI_FB_LCH_MUX" value="SLIM4_TX" />
        <ctl name="SLIM0_RX_VI_FB_RCH_MUX" value="SLIM4_TX" />
    </path>

    <path name="voice-speaker-protected">
        <ctl name="AIF4_VI Mixer SPKR_VI_1" value="1" />
        <ctl name="SLIM_4_TX Format" value="PACKED_16B" />
        <path name="speaker-mono" />
        <ctl name="VI_FEED_TX Channels" value="One" />
        <ctl name="SLIM0_RX_VI_FB_LCH_MUX" value="SLIM4_TX" />
    </path>

    <path name="voice-speaker-stereo-protected">
        <path name="speaker-protected" />
    </path>

    <path name="voice-speaker-2-protected">
        <ctl name="AIF4_VI Mixer SPKR_VI_2" value="1" />
        <ctl name="SLIM_4_TX Format" value="PACKED_16B" />
        <path name="speaker-mono-2" />
        <ctl name="VI_FEED_TX Channels" value="One" />
        <ctl name="SLIM0_RX_VI_FB_LCH_MUX" value="SLIM4_TX" />
    </path>

    <path name="vi-feedback">
    </path>

    <path name="vi-feedback-mono-1">
    </path>

    <path name="vi-feedback-mono-2">
    </path>

    <path name="handset">
        <ctl name="SLIM RX0 MUX" value="AIF1_PB" />
        <ctl name="CDC_IF RX0 MUX" value="SLIM RX0" />
        <ctl name="SLIM_0_RX Channels" value="One" />
        <ctl name="RX INT7_1 MIX1 INP0" value="RX0" />
        <ctl name="COMP7 Switch" value="1" />
        <ctl name="SpkrLeft COMP Switch" value="1" />
        <ctl name="SpkrLeft BOOST Switch" value="1" />
        <ctl name="SpkrLeft SWR DAC_Port Switch" value="1" />
        <ctl name="EAR SPKR PA Gain" value="G_6_DB" />
    </path>

    <path name="handset-qrd">
        <ctl name="SLIM RX0 MUX" value="AIF1_PB" />
        <ctl name="CDC_IF RX0 MUX" value="SLIM RX0" />
        <ctl name="SLIM_0_RX Channels" value="One" />
        <ctl name="RX INT0_1 MIX1 INP0" value="RX0" />
        <ctl name="EAR PA Gain" value="G_6_DB" />
    </path>

    <path name="handset-mic">
        <path name="dmic3" />
    </path>

    <path name="handset-mic-db">
    </path>

    <path name="handset-mic-cdp">
        <path name="amic1" />
    </path>

    <path name="handset-mic-sbc">
    </path>

    <path name="three-mic">
        <ctl name="AIF1_CAP Mixer SLIM TX5" value="1" />
        <ctl name="AIF1_CAP Mixer SLIM TX6" value="1" />
        <ctl name="AIF1_CAP Mixer SLIM TX8" value="1" />
        <ctl name="SLIM_0_TX Channels" value="Three" />
        <ctl name="CDC_IF TX5 MUX" value="DEC5" />
        <ctl name="ADC MUX5" value="DMIC" />
        <ctl name="DMIC MUX5" value="DMIC0" />
        <ctl name="CDC_IF TX6 MUX" value="DEC6" />
        <ctl name="ADC MUX6" value="DMIC" />
        <ctl name="DMIC MUX6" value="DMIC2" />
        <ctl name="CDC_IF TX8 MUX" value="DEC8" />
        <ctl name="ADC MUX8" value="DMIC" />
        <ctl name="DMIC MUX8" value="DMIC5" />
    </path>

    <path name="anc-handset">
        <ctl name="ANC Function" value="ON" />
        <ctl name="ANC Slot" value="6" />
        <ctl name="SLIM RX0 MUX" value="AIF1_PB" />
        <ctl name="CDC_IF RX0 MUX" value="SLIM RX0" />
        <ctl name="SLIM_0_RX Channels" value="One" />
        <ctl name="RX INT7_1 MIX1 INP0" value="RX0" />
        <ctl name="SpkrLeft SWR DAC_Port Switch" value="1" />
        <ctl name="ANC OUT EAR SPKR Enable Switch" value="1" />
        <ctl name="ANC SPKR PA Enable Switch" value="1" />
        <ctl name="SpkrLeft WSA PA Gain" value="G_6_DB" />
    </path>

    <path name="headphones">
    </path>

    <path name="headphones-44.1">
    </path>

    <path name="asrc-mode">
    </path>

    <path name="headphones-dsd">
    </path>

    <path name="hph-highquality-mode">
    </path>

    <path name="hph-lowpower-mode">
    </path>

    <path name="true-native-mode">
    </path>

    <path name="line">
        <path name="headphones" />
    </path>

    <path name="headset-mic">
    </path>

    <path name="headset-mic-liquid">
    </path>

    <path name="voice-handset">
        <path name="handset" />
    </path>

    <path name="voice-handset-tmus">
        <path name="handset" />
    </path>

    <path name="voice-handset-qrd">
        <path name="handset-qrd" />
    </path>

    <path name="voice-handset-tmus-qrd">
        <path name="handset-qrd" />
    </path>

    <path name="voice-handset-hdk">
        <path name="handset-qrd" />
    </path>

    <path name="voice-handset-tmus-hdk">
        <path name="handset-qrd" />
    </path>

    <path name="voice-speaker">
        <path name="speaker-mono" />
    </path>

    <path name="voice-speaker-stereo">
        <path name="speaker" />
    </path>

    <path name="voice-speaker-qrd">
        <path name="speaker-mono-2" />
    </path>

    <path name="voice-speaker-hdk">
        <path name="speaker-mono" />
    </path>

    <path name="voice-speaker-2">
        <path name="speaker-mono-2" />
    </path>

    <path name="voice-speaker-fluid">
        <path name="speaker-fluid" />
    </path>

    <path name="voice-speaker-mic">
        <path name="speaker-mic" />
    </path>

    <path name="voice-headphones">
        <path name="headphones" />
    </path>

    <path name="voice-line">
        <path name="voice-headphones" />
    </path>

    <path name="voice-headset-mic">
        <path name="headset-mic" />
    </path>

    <path name="speaker-and-headphones">
        <path name="headphones" />
        <path name="speaker" />
    </path>

    <path name="speaker-and-line">
        <path name="speaker-and-headphones" />
    </path>

    <path name="speaker-and-headphones-liquid">
        <path name="headphones" />
        <path name="speaker" />
    </path>

    <path name="speaker-and-line-liquid">
        <path name="speaker-and-headphones-liquid" />
    </path>

    <path name="usb-headphones">
    </path>

    <path name="usb-headset">
    </path>

    <path name="afe-proxy">
    </path>

    <path name="anc-headphones">
    </path>

    <path name="speaker-and-anc-headphones">
        <path name="anc-headphones" />
        <path name="speaker" />
    </path>

    <path name="anc-fb-headphones">
    </path>

    <path name="speaker-and-anc-fb-headphones">
        <path name="anc-fb-headphones" />
        <path name="speaker" />
    </path>

    <path name="voice-anc-headphones">
        <path name="anc-headphones" />
    </path>

    <path name="voice-anc-fb-headphones">
        <path name="anc-fb-headphones" />
    </path>

    <path name="speaker-and-anc-headphones-liquid">
        <path name="anc-headphones" />
    </path>

    <path name="display-port">
    </path>

    <path name="speaker-and-usb-headphones">
        <path name="speaker" />
        <path name="usb-headphones" />
    </path>

    <path name="speaker-and-display-port">
        <path name="speaker" />
        <path name="display-port" />
    </path>

    <path name="voice-rec-mic">
        <path name="handset-mic" />
    </path>

    <path name="camcorder-mic">
        <path name="handset-mic" />
    </path>

    <path name="bt-sco-headset">
    </path>

    <path name="bt-sco-mic">
    </path>

    <path name="bt-sco-headset-wb">
    </path>

    <path name="bt-sco-mic-wb">
    </path>

    <path name="usb-headset-mic">
    </path>

    <path name="capture-fm">
    </path>

    <path name="aanc-path">
        <ctl name="ADC MUX10" value="DMIC" />
        <ctl name="DMIC MUX10" value="DMIC5" />
        <ctl name="ANC0 FB MUX" value="ANC_IN_EAR_SPKR" />
    </path>

    <path name="aanc-handset-mic">
        <ctl name="AIF1_CAP Mixer SLIM TX6" value="1" />
        <ctl name="AIF1_CAP Mixer SLIM TX8" value="1" />
        <ctl name="AIF1_CAP Mixer SLIM TX9" value="1" />
        <ctl name="SLIM_0_TX Channels" value="Three" />
        <ctl name="AANC_SLIM_0_RX MUX" value="SLIMBUS_0_TX" />
        <ctl name="CDC_IF TX6 MUX" value="DEC6" />
        <ctl name="ADC MUX6" value="DMIC" />
        <ctl name="DMIC MUX6" value="DMIC2" />
        <ctl name="CDC_IF TX8 MUX" value="DEC8" />
        <ctl name="ADC MUX8" value="DMIC" />
        <ctl name="DMIC MUX8" value="DMIC5" />
        <ctl name="CDC_IF TX9 MUX" value="DEC7" />
        <ctl name="ADC MUX7" value="DMIC" />
        <ctl name="DMIC MUX7" value="DMIC0" />
        <ctl name="IIR0 INP0 MUX" value="DEC6" />
    </path>

    <!-- Dual MIC devices -->
    <path name="handset-dmic-endfire">
        <ctl name="AIF1_CAP Mixer SLIM TX7" value="1" />
        <ctl name="AIF1_CAP Mixer SLIM TX8" value="1" />
        <ctl name="CDC_IF TX7 MUX" value="DEC7" />
        <ctl name="ADC MUX7" value="DMIC" />
        <ctl name="DMIC MUX7" value="DMIC2" />
        <ctl name="CDC_IF TX8 MUX" value="DEC8" />
        <ctl name="ADC MUX8" value="DMIC" />
        <ctl name="DMIC MUX8" value="DMIC5" />
        <ctl name="SLIM_0_TX Channels" value="Two" />
    </path>

    <path name="speaker-dmic-endfire">
        <ctl name="AIF1_CAP Mixer SLIM TX7" value="1" />
        <ctl name="AIF1_CAP Mixer SLIM TX8" value="1" />
        <ctl name="CDC_IF TX7 MUX" value="DEC7" />
        <ctl name="ADC MUX7" value="DMIC" />
        <ctl name="DMIC MUX7" value="DMIC0" />
        <ctl name="CDC_IF TX8 MUX" value="DEC8" />
        <ctl name="ADC MUX8" value="DMIC" />
        <ctl name="DMIC MUX8" value="DMIC5" />
        <ctl name="SLIM_0_TX Channels" value="Two" />
    </path>

    <path name="dmic-endfire">
        <path name="handset-dmic-endfire" />
        <ctl name="IIR0 INP0 MUX" value="DEC7" />
    </path>

    <path name="dmic-endfire-liquid">
        <path name="handset-dmic-endfire" />
        <ctl name="IIR0 INP0 MUX" value="DEC7" />
    </path>

    <path name="handset-stereo-dmic-ef">
        <path name="handset-dmic-endfire" />
    </path>

    <path name="speaker-stereo-dmic-ef">
        <path name="speaker-dmic-endfire" />
    </path>

    <path name="voice-dmic-ef-tmus">
        <path name="dmic-endfire" />
    </path>

    <path name="voice-dmic-ef">
        <path name="dmic-endfire" />
    </path>

    <path name="voice-speaker-dmic-ef">
        <path name="speaker-dmic-endfire" />
    </path>

    <path name="voice-rec-dmic-ef">
        <path name="dmic-endfire" />
    </path>

    <path name="voice-rec-dmic-ef-fluence">
        <path name="dmic-endfire" />
    </path>

    <path name="handset-stereo-dmic-ef-liquid">
        <path name="handset-dmic-endfire" />
    </path>

    <path name="speaker-stereo-dmic-ef-liquid">
        <path name="speaker-dmic-endfire" />
    </path>

    <path name="voice-dmic-ef-liquid-liquid">
        <path name="dmic-endfire-liquid" />
    </path>

    <path name="voice-speaker-dmic-ef-liquid">
        <path name="dmic-endfire-liquid" />
    </path>

    <path name="voice-rec-dmic-ef-liquid">
        <path name="dmic-endfire-liquid" />
    </path>

    <path name="voice-rec-dmic-ef-fluence-liquid">
        <path name="dmic-endfire-liquid" />
    </path>

    <path name="speaker-dmic-broadside">
        <ctl name="AIF1_CAP Mixer SLIM TX7" value="1" />
        <ctl name="AIF1_CAP Mixer SLIM TX8" value="1" />
        <ctl name="SLIM_0_TX Channels" value="Two" />
        <ctl name="CDC_IF TX7 MUX" value="DEC7" />
        <ctl name="ADC MUX7" value="DMIC" />
        <ctl name="DMIC MUX7" value="DMIC0" />
        <ctl name="CDC_IF TX8 MUX" value="DEC8" />
        <ctl name="ADC MUX8" value="DMIC" />
        <ctl name="DMIC MUX8" value="DMIC2" />
    </path>

    <path name="dmic-broadside">
        <path name="speaker-dmic-broadside" />
        <ctl name="IIR0 INP0 MUX" value="DEC7" />
    </path>

    <path name="voice-speaker-dmic-broadside">
        <path name="dmic-broadside" />
    </path>

    <!-- Tri MIC devices -->
    <path name="speaker-tmic">
        <ctl name="AIF1_CAP Mixer SLIM TX5" value="1" />
        <ctl name="AIF1_CAP Mixer SLIM TX6" value="1" />
        <ctl name="AIF1_CAP Mixer SLIM TX7" value="1" />
        <ctl name="SLIM_0_TX Channels" value="Three" />
        <ctl name="CDC_IF TX5 MUX" value="DEC5" />
        <ctl name="ADC MUX5" value="DMIC" />
        <ctl name="DMIC MUX5" value="DMIC0" />
        <ctl name="CDC_IF TX6 MUX" value="DEC6" />
        <ctl name="ADC MUX6" value="DMIC" />
        <ctl name="DMIC MUX6" value="DMIC2" />
        <ctl name="CDC_IF TX7 MUX" value="DEC7" />
        <ctl name="ADC MUX7" value="DMIC" />
        <ctl name="DMIC MUX7" value="DMIC5" />
    </path>

    <path name="voice-speaker-tmic">
        <path name="speaker-tmic" />
    </path>

    <!-- Quad MIC devices -->
    <path name="speaker-qmic">
    </path>

    <path name="speaker-qmic-liquid">
    </path>

    <path name="voice-speaker-qmic">
        <path name="speaker-qmic" />
    </path>

    <path name="quad-mic">
        <path name="speaker-qmic" />
    </path>

    <path name="voice-speaker-qmic-liquid">
        <path name="speaker-qmic-liquid" />
    </path>

    <path name="quad-mic-liquid">
        <path name="speaker-qmic-liquid" />
    </path>

    <!-- TTY devices -->

    <path name="tty-headphones">
    </path>

    <path name="voice-tty-full-headphones">
        <ctl name="TTY Mode" value="FULL" />
        <path name="tty-headphones" />
    </path>

    <path name="voice-tty-vco-headphones">
        <ctl name="TTY Mode" value="VCO" />
        <path name="tty-headphones" />
    </path>

    <path name="voice-tty-hco-handset">
        <ctl name="TTY Mode" value="HCO" />
        <path name="handset" />
    </path>

    <path name="voice-tty-hco-handset-qrd">
        <ctl name="TTY Mode" value="HCO" />
        <path name="handset-qrd" />
    </path>

    <path name="voice-tty-hco-handset-hdk">
        <ctl name="TTY Mode" value="HCO" />
        <path name="handset-qrd" />
    </path>

    <path name="voice-tty-full-headset-mic">
    </path>

    <path name="voice-tty-hco-headset-mic">
        <path name="voice-tty-full-headset-mic" />
    </path>

    <path name="voice-tty-vco-handset-mic">
        <path name="dmic1" />
    </path>

    <path name="unprocessed-handset-mic">
        <path name="handset-mic" />
    </path>

    <path name="unprocessed-mic">
        <path name="unprocessed-handset-mic" />
    </path>

    <path name="unprocessed-stereo-mic">
        <path name="voice-rec-dmic-ef" />
    </path>

    <path name="unprocessed-three-mic">
        <path name="three-mic" />
    </path>

    <path name="unprocessed-quad-mic">
        <path name="quad-mic" />
    </path>

    <path name="unprocessed-headset-mic">
        <path name="headset-mic" />
    </path>

    <!-- USB TTY start -->

    <!-- full: both end tty -->
    <path name="voice-tty-full-usb">
        <ctl name="TTY Mode" value="FULL" />
        <path name="usb-headphones" />
    </path>

    <path name="voice-tty-full-usb-mic">
        <path name="usb-headset-mic" />
    </path>

    <!-- vco, in: handset mic use existing, out: tty -->
    <path name="voice-tty-vco-usb">
        <ctl name="TTY Mode" value="VCO" />
        <path name="usb-headphones" />
    </path>

    <!-- hco, in: tty, out: speaker, use existing handset -->
    <path name="voice-tty-hco-usb-mic">
        <path name="voice-tty-full-usb-mic" />
    </path>

    <!-- USB TTY end   -->

    <!-- Added for ADSP testfwk -->
    <path name="ADSP testfwk">
        <ctl name="SLIMBUS_DL_HL Switch" value="1" />
    </path>

    <path name="bt-a2dp">
        <ctl name="SLIM7_RX ADM Channels" value="Two" />
    </path>

    <path name="speaker-and-bt-a2dp">
        <path name="speaker" />
        <path name="bt-a2dp" />
    </path>

    <path name="deep-buffer-playback bt-a2dp">
        <ctl name="SLIMBUS_7_RX Audio Mixer MultiMedia1" value="1" />
    </path>

    <path name="low-latency-playback bt-a2dp">
        <ctl name="SLIMBUS_7_RX Audio Mixer MultiMedia5" value="1" />
    </path>

    <path name="compress-offload-playback bt-a2dp">
        <ctl name="SLIMBUS_7_RX Audio Mixer MultiMedia4" value="1" />
    </path>

    <path name="compress-offload-playback2 bt-a2dp">
        <ctl name="SLIMBUS_7_RX Audio Mixer MultiMedia7" value="1" />
    </path>

    <path name="compress-offload-playback3 bt-a2dp">
        <ctl name="SLIMBUS_7_RX Audio Mixer MultiMedia10" value="1" />
    </path>

    <path name="compress-offload-playback4 bt-a2dp">
        <ctl name="SLIMBUS_7_RX Audio Mixer MultiMedia11" value="1" />
    </path>

    <path name="compress-offload-playback5 bt-a2dp">
        <ctl name="SLIMBUS_7_RX Audio Mixer MultiMedia12" value="1" />
    </path>

    <path name="compress-offload-playback6 bt-a2dp">
        <ctl name="SLIMBUS_7_RX Audio Mixer MultiMedia13" value="1" />
    </path>

    <path name="compress-offload-playback7 bt-a2dp">
        <ctl name="SLIMBUS_7_RX Audio Mixer MultiMedia14" value="1" />
    </path>

    <path name="compress-offload-playback8 bt-a2dp">
        <ctl name="SLIMBUS_7_RX Audio Mixer MultiMedia15" value="1" />
    </path>

    <path name="compress-offload-playback9 bt-a2dp">
        <ctl name="SLIMBUS_7_RX Audio Mixer MultiMedia16" value="1" />
    </path>

    <path name="audio-ull-playback bt-a2dp">
        <ctl name="SLIMBUS_7_RX Audio Mixer MultiMedia8" value="1" />
    </path>

    <path name="deep-buffer-playback speaker-and-bt-a2dp">
        <path name="deep-buffer-playback bt-a2dp" />
        <path name="deep-buffer-playback" />
    </path>

    <path name="compress-offload-playback speaker-and-bt-a2dp">
        <path name="compress-offload-playback bt-a2dp" />
        <path name="compress-offload-playback" />
    </path>

    <path name="low-latency-playback speaker-and-bt-a2dp">
        <path name="low-latency-playback bt-a2dp" />
        <path name="low-latency-playback" />
    </path>

    <path name="compress-offload-playback2 speaker-and-bt-a2dp">
        <path name="compress-offload-playback2 bt-a2dp" />
        <path name="compress-offload-playback2" />
    </path>

    <path name="compress-offload-playback3 speaker-and-bt-a2dp">
        <path name="compress-offload-playback3 bt-a2dp" />
        <path name="compress-offload-playback3" />
    </path>

    <path name="compress-offload-playback4 speaker-and-bt-a2dp">
        <path name="compress-offload-playback4 bt-a2dp" />
        <path name="compress-offload-playback4" />
    </path>

    <path name="compress-offload-playback5 speaker-and-bt-a2dp">
        <path name="compress-offload-playback5 bt-a2dp" />
        <path name="compress-offload-playback5" />
    </path>

    <path name="compress-offload-playback6 speaker-and-bt-a2dp">
        <path name="compress-offload-playback6 bt-a2dp" />
        <path name="compress-offload-playback6" />
    </path>

    <path name="compress-offload-playback7 speaker-and-bt-a2dp">
        <path name="compress-offload-playback7 bt-a2dp" />
        <path name="compress-offload-playback7" />
    </path>

    <path name="compress-offload-playback8 speaker-and-bt-a2dp">
        <path name="compress-offload-playback8 bt-a2dp" />
        <path name="compress-offload-playback8" />
    </path>

    <path name="compress-offload-playback9 speaker-and-bt-a2dp">
        <path name="compress-offload-playback9 bt-a2dp" />
        <path name="compress-offload-playback9" />
    </path>

    <path name="audio-ull-playback speaker-and-bt-a2dp">
        <path name="audio-ull-playback bt-a2dp" />
        <path name="audio-ull-playback" />
    </path>

    <path name="mmap-playback">
        <ctl name="SLIMBUS_0_RX Audio Mixer MultiMedia16" value="1" />
    </path>

    <path name="mmap-playback headphones">
    </path>

    <path name="mmap-playback speaker-and-headphones">
        <path name="mmap-playback" />
        <path name="mmap-playback headphones" />
    </path>

    <path name="mmap-playback bt-sco">
        <ctl name="SLIMBUS_7_RX Audio Mixer MultiMedia16" value="1" />
    </path>

    <path name="mmap-playback bt-sco-wb">
        <ctl name="BT SampleRate" value="KHZ_16" />
        <path name="mmap-playback bt-sco" />
    </path>

    <path name="mmap-playback afe-proxy">
        <ctl name="AFE_PCM_RX Audio Mixer MultiMedia16" value="1" />
    </path>

    <path name="mmap-playback usb-headphones">
        <ctl name="USB_AUDIO_RX Audio Mixer MultiMedia16" value="1" />
    </path>

    <path name="mmap-playback usb-headset">
        <ctl name="USB_AUDIO_RX Audio Mixer MultiMedia16" value="1" />
    </path>

    <path name="mmap-playback display-port">
        <ctl name="DISPLAY_PORT Mixer MultiMedia16" value="1" />
    </path>

    <path name="mmap-playback hdmi">
        <ctl name="HDMI Mixer MultiMedia16" value="1" />
    </path>

    <path name="mmap-playback speaker-and-hdmi">
        <path name="mmap-playback hdmi" />
        <path name="mmap-playback" />
    </path>

    <path name="mmap-playback speaker-and-display-port">
        <path name="mmap-playback display-port" />
        <path name="mmap-playback" />
    </path>

    <path name="mmap-playback speaker-and-usb-headphones">
        <path name="mmap-playback usb-headphones" />
        <path name="mmap-playback" />
    </path>

    <path name="mmap-record">
      <ctl name="MultiMedia16 Mixer SLIM_0_TX" value="1" />
    </path>

    <path name="mmap-record bt-sco">
      <ctl name="MultiMedia16 Mixer SLIM_7_TX" value="1" />
    </path>

    <path name="mmap-record bt-sco-wb">
        <ctl name="BT SampleRate" value="KHZ_16" />
        <path name="mmap-record bt-sco" />
    </path>

    <path name="mmap-record capture-fm">
      <ctl name="MultiMedia16 Mixer SLIM_8_TX" value="1" />
    </path>

    <path name="mmap-record usb-headset-mic">
       <ctl name="MultiMedia16 Mixer USB_AUDIO_TX" value="1" />
    </path>

    <path name="hifi-playback display-port">
        <ctl name="DISPLAY_PORT Mixer MultiMedia2" value="1" />
    </path>

    <path name="hifi-playback afe-proxy">
        <ctl name="AFE_PCM_RX Audio Mixer MultiMedia2" value="1" />
    </path>

    <path name="hifi-playback usb-headset">
        <ctl name="USB_AUDIO_RX Audio Mixer MultiMedia2" value="1" />
    </path>

    <path name="hifi-playback usb-headphones">
        <ctl name="USB_AUDIO_RX Audio Mixer MultiMedia2" value="1" />
    </path>

    <path name="hifi-record usb-headset-mic">
        <ctl name="MultiMedia2 Mixer USB_AUDIO_TX" value="1" />
    </path>

</mixer>
