<?xml version="1.0" encoding="ISO-8859-1"?>
<!--- Copyright (c) 2014-2018, The Linux Foundation. All rights reserved.       -->
<!---                                                                           -->
<!--- Redistribution and use in source and binary forms, with or without        -->
<!--- modification, are permitted provided that the following conditions are    -->
<!--- met:                                                                      -->
<!---     * Redistributions of source code must retain the above copyright      -->
<!---       notice, this list of conditions and the following disclaimer.       -->
<!---     * Redistributions in binary form must reproduce the above             -->
<!---       copyright notice, this list of conditions and the following         -->
<!---       disclaimer in the documentation and/or other materials provided     -->
<!---       with the distribution.                                              -->
<!---     * Neither the name of The Linux Foundation nor the names of its       -->
<!---       contributors may be used to endorse or promote products derived     -->
<!---       from this software without specific prior written permission.       -->
<!---                                                                           -->
<!--- THIS SOFTWARE IS PROVIDED "AS IS" AND ANY EXPRESS OR IMPLIED              -->
<!--- WARRANTIES, INCLUDING, BUT NOT LIMITED TO, THE IMPLIED WARRANTIES OF      -->
<!--- MERCHANTABILITY, FITNESS FOR A PARTICULAR PURPOSE AND NON-INFRINGEMENT    -->
<!--- ARE DISCLAIMED.  IN NO EVENT SHALL THE COPYRIGHT OWNER OR CONTRIBUTORS    -->
<!--- BE LIABLE FOR ANY DIRECT, INDIRECT, INCIDENTAL, SPECIAL, EXEMPLARY, OR    -->
<!--- CONSEQUENTIAL DAMAGES (INCLUDING, BUT NOT LIMITED TO, PROCUREMENT OF      -->
<!--- SUBSTITUTE GOODS OR SERVICES; LOSS OF USE, DATA, OR PROFITS; OR           -->
<!--- BUSINESS INTERRUPTION) HOWEVER CAUSED AND ON ANY THEORY OF LIABILITY,     -->
<!--- WHETHER IN CONTRACT, STRICT LIABILITY, OR TORT (INCLUDING NEGLIGENCE      -->
<!--- OR OTHERWISE) ARISING IN ANY WAY OUT OF THE USE OF THIS SOFTWARE, EVEN    -->
<!--- IF ADVISED OF THE POSSIBILITY OF SUCH DAMAGE.                             -->

<mixer>
    <!-- These are the initial mixer settings -->
    <ctl name="LSM1 Mixer SLIMBUS_5_TX" value="0" />
    <ctl name="LSM2 Mixer SLIMBUS_5_TX" value="0" />
    <ctl name="LSM3 Mixer SLIMBUS_5_TX" value="0" />
    <ctl name="LSM4 Mixer SLIMBUS_5_TX" value="0" />
    <ctl name="LSM5 Mixer SLIMBUS_5_TX" value="0" />
    <ctl name="LSM6 Mixer SLIMBUS_5_TX" value="0" />
    <ctl name="LSM7 Mixer SLIMBUS_5_TX" value="0" />
    <ctl name="LSM8 Mixer SLIMBUS_5_TX" value="0" />
    <ctl name="LSM1 Port" value="None" />
    <ctl name="LSM2 Port" value="None" />
    <ctl name="LSM3 Port" value="None" />
    <ctl name="LSM4 Port" value="None" />
    <ctl name="LSM5 Port" value="None" />
    <ctl name="LSM6 Port" value="None" />
    <ctl name="LSM7 Port" value="None" />
    <ctl name="LSM8 Port" value="None" />
    <ctl name="SLIMBUS_5_TX LSM Function" value="None" />
    <ctl name="MADONOFF Switch" value="0" />
    <ctl name="MAD Input" value="DMIC1" />
    <ctl name="MAD_SEL MUX" value="SPE" />
    <ctl name="MAD_INP MUX" value="DEC1" />
    <ctl name="MAD_CPE1 Switch" value="0" />
    <ctl name="CDC_IF TX13 MUX" value="ZERO" />
    <ctl name="MAD_BROADCAST Switch" value="0" />
    <ctl name="TX13 INP MUX" value="CDC_DEC_5" />
    <ctl name="AIF4_MAD Mixer SLIM TX12" value="0" />
    <ctl name="AIF4_MAD Mixer SLIM TX13" value="0" />
    <ctl name="CPE AFE MAD Enable" value="0"/>
    <ctl name="CLK MODE" value="EXTERNAL" />
    <ctl name="EC BUF MUX INP" value="ZERO" />
    <ctl name="ADC MUX1" value="DMIC" />
    <ctl name="DMIC MUX1" value="ZERO" />
    <ctl name="AIF1_CAP Mixer SLIM TX8" value="0"/>
    <ctl name="AIF1_CAP Mixer SLIM TX7" value="0" />
    <ctl name="AIF1_CAP Mixer SLIM TX6" value="0" />
    <ctl name="AIF1_CAP Mixer SLIM TX5" value="0"/>
    <ctl name="CDC_IF TX5 MUX" value="ZERO" />
    <ctl name="CDC_IF TX6 MUX" value="ZERO" />
    <ctl name="CDC_IF TX7 MUX" value="ZERO" />
    <ctl name="CDC_IF TX8 MUX" value="ZERO" />
    <ctl name="ADC MUX5" value="AMIC" />
    <ctl name="ADC MUX6" value="AMIC" />
    <ctl name="ADC MUX7" value="AMIC" />
    <ctl name="ADC MUX8" value="AMIC" />
    <ctl name="DMIC MUX5" value="ZERO" />
    <ctl name="DMIC MUX6" value="ZERO" />
    <ctl name="DMIC MUX7" value="ZERO" />
    <ctl name="DMIC MUX8" value="ZERO" />
    <ctl name="IIR0 INP0 MUX" value="ZERO" />
    <ctl name= "ADC MUX0" value="AMIC" />
    <ctl name= "ADC MUX1" value="AMIC" />
    <ctl name= "ADC MUX2" value="AMIC" />
    <ctl name= "DMIC MUX0" value="ZERO" />
    <ctl name= "DMIC MUX2" value="ZERO" />
    <ctl name= "WDMA3 PORT0 MUX" value="RX_MIX_TX0" />
    <ctl name= "WDMA3 PORT1 MUX" value="RX_MIX_TX1" />
    <ctl name= "WDMA3 PORT2 MUX" value="RX_MIX_TX2" />
    <ctl name= "WDMA3 CH0 MUX" value="PORT_0" />
    <ctl name= "WDMA3 CH1 MUX" value="PORT_0" />
    <ctl name= "WDMA3 CH2 MUX" value="PORT_0" />
    <ctl name= "WDMA3_ON_OFF Switch" value="0" />

    <path name="listen-voice-wakeup-1">
        <ctl name="SLIMBUS_5_TX LSM Function" value="AUDIO" />
        <ctl name="LSM1 Port" value="SLIMBUS_5_TX" />
        <ctl name="LSM1 Mixer SLIMBUS_5_TX" value="1" />
    </path>

    <path name="listen-voice-wakeup-2">
        <ctl name="SLIMBUS_5_TX LSM Function" value="AUDIO" />
        <ctl name="LSM2 Port" value="SLIMBUS_5_TX" />
        <ctl name="LSM2 Mixer SLIMBUS_5_TX" value="1" />
    </path>

    <path name="listen-voice-wakeup-3">
        <ctl name="SLIMBUS_5_TX LSM Function" value="AUDIO" />
        <ctl name="LSM3 Port" value="SLIMBUS_5_TX" />
        <ctl name="LSM3 Mixer SLIMBUS_5_TX" value="1" />
    </path>

    <path name="listen-voice-wakeup-4">
        <ctl name="SLIMBUS_5_TX LSM Function" value="AUDIO" />
        <ctl name="LSM4 Port" value="SLIMBUS_5_TX" />
        <ctl name="LSM4 Mixer SLIMBUS_5_TX" value="1" />
    </path>

    <path name="listen-voice-wakeup-5">
        <ctl name="SLIMBUS_5_TX LSM Function" value="AUDIO" />
        <ctl name="LSM5 Port" value="SLIMBUS_5_TX" />
        <ctl name="LSM5 Mixer SLIMBUS_5_TX" value="1" />
    </path>

    <path name="listen-voice-wakeup-6">
        <ctl name="SLIMBUS_5_TX LSM Function" value="AUDIO" />
        <ctl name="LSM6 Port" value="SLIMBUS_5_TX" />
        <ctl name="LSM6 Mixer SLIMBUS_5_TX" value="1" />
    </path>

    <path name="listen-voice-wakeup-7">
        <ctl name="SLIMBUS_5_TX LSM Function" value="AUDIO" />
        <ctl name="LSM7 Port" value="SLIMBUS_5_TX" />
        <ctl name="LSM7 Mixer SLIMBUS_5_TX" value="1" />
    </path>

    <path name="listen-voice-wakeup-8">
        <ctl name="SLIMBUS_5_TX LSM Function" value="AUDIO" />
        <ctl name="LSM8 Port" value="SLIMBUS_5_TX" />
        <ctl name="LSM8 Mixer SLIMBUS_5_TX" value="1" />
    </path>

    <path name="listen-voice-wakeup-1 preproc">
        <ctl name="SLIMBUS_0_TX LSM Function" value="SWAUDIO" />
        <ctl name="LSM1 Port" value="ADM_LSM_TX" />
        <ctl name="LSM1 Mixer SLIMBUS_0_TX" value="1" />
    </path>

    <path name="listen-voice-wakeup-2 preproc">
        <ctl name="SLIMBUS_0_TX LSM Function" value="SWAUDIO" />
        <ctl name="LSM2 Port" value="ADM_LSM_TX" />
        <ctl name="LSM2 Mixer SLIMBUS_0_TX" value="1" />
    </path>

    <path name="listen-voice-wakeup-3 preproc">
        <ctl name="SLIMBUS_0_TX LSM Function" value="SWAUDIO" />
        <ctl name="LSM3 Port" value="ADM_LSM_TX" />
        <ctl name="LSM3 Mixer SLIMBUS_0_TX" value="1" />
    </path>

    <path name="listen-voice-wakeup-4 preproc">
        <ctl name="SLIMBUS_0_TX LSM Function" value="SWAUDIO" />
        <ctl name="LSM4 Port" value="ADM_LSM_TX" />
        <ctl name="LSM4 Mixer SLIMBUS_0_TX" value="1" />
    </path>

    <path name="listen-voice-wakeup-5 preproc">
        <ctl name="SLIMBUS_0_TX LSM Function" value="SWAUDIO" />
        <ctl name="LSM5 Port" value="ADM_LSM_TX" />
        <ctl name="LSM5 Mixer SLIMBUS_0_TX" value="1" />
    </path>

    <path name="listen-voice-wakeup-6 preproc">
        <ctl name="SLIMBUS_0_TX LSM Function" value="SWAUDIO" />
        <ctl name="LSM6 Port" value="ADM_LSM_TX" />
        <ctl name="LSM6 Mixer SLIMBUS_0_TX" value="1" />
    </path>

    <path name="listen-voice-wakeup-7 preproc">
        <ctl name="SLIMBUS_0_TX LSM Function" value="SWAUDIO" />
        <ctl name="LSM7 Port" value="ADM_LSM_TX" />
        <ctl name="LSM7 Mixer SLIMBUS_0_TX" value="1" />
    </path>

    <path name="listen-voice-wakeup-8 preproc">
        <ctl name="SLIMBUS_0_TX LSM Function" value="SWAUDIO" />
        <ctl name="LSM8 Port" value="ADM_LSM_TX" />
        <ctl name="LSM8 Mixer SLIMBUS_0_TX" value="1" />
    </path>

    <path name="listen-cpe-handset-mic">
        <ctl name="MAD Input" value="DMIC2" />
        <ctl name="MAD_SEL MUX" value="SPE" />
        <ctl name="MAD_INP MUX" value="MAD" />
        <ctl name="MAD_CPE1 Switch" value="1" />
    </path>

    <path name="listen-cpe-handset-dmic">
        <ctl name="CLK MODE" value="INTERNAL" />
        <ctl name= "ADC MUX0" value="DMIC" />
        <ctl name= "DMIC MUX0" value="DMIC2" />
        <ctl name= "DEC0 Volume" value="84" />
        <ctl name= "ADC MUX1" value="DMIC" />
        <ctl name= "DMIC MUX1" value="DMIC5" />
        <ctl name= "DEC1 Volume" value="84" />
        <ctl name= "WDMA3 PORT0 MUX" value="DEC0" />
        <ctl name= "WDMA3 PORT1 MUX" value="DEC1" />
        <ctl name= "WDMA3 CH0 MUX" value="PORT_0" />
        <ctl name= "WDMA3 CH1 MUX" value="PORT_1" />
        <ctl name= "WDMA3_ON_OFF Switch" value="1" />
    </path>

    <path name="listen-cpe-handset-tmic">
        <ctl name="CLK MODE" value="INTERNAL" />
        <ctl name= "ADC MUX0" value="DMIC" />
        <ctl name= "DMIC MUX0" value="DMIC2" />
        <ctl name= "DEC0 Volume" value="84" />
        <ctl name= "ADC MUX1" value="DMIC" />
        <ctl name= "DMIC MUX1" value="DMIC0" />
        <ctl name= "DEC1 Volume" value="84" />
        <ctl name= "ADC MUX2" value="DMIC" />
        <ctl name= "DMIC MUX2" value="DMIC5" />
        <ctl name= "DEC2 Volume" value="84" />
        <ctl name= "WDMA3 PORT0 MUX" value="DEC0" />
        <ctl name= "WDMA3 PORT1 MUX" value="DEC1" />
        <ctl name= "WDMA3 PORT2 MUX" value="DEC2" />
        <ctl name= "WDMA3 CH0 MUX" value="PORT_0" />
        <ctl name= "WDMA3 CH1 MUX" value="PORT_1" />
        <ctl name= "WDMA3 CH2 MUX" value="PORT_2" />
        <ctl name= "WDMA3_ON_OFF Switch" value="1" />
    </path>

    <path name="listen-cpe-handset-qmic">
        <ctl name="CLK MODE" value="INTERNAL" />
        <ctl name= "ADC MUX0" value="DMIC" />
        <ctl name= "DMIC MUX0" value="DMIC2" />
        <ctl name= "DEC0 Volume" value="84" />
        <ctl name= "ADC MUX1" value="DMIC" />
        <ctl name= "DMIC MUX1" value="DMIC0" />
        <ctl name= "DEC1 Volume" value="84" />
        <ctl name= "ADC MUX2" value="DMIC" />
        <ctl name= "DMIC MUX2" value="DMIC5" />
        <ctl name= "DEC2 Volume" value="84" />
        <ctl name= "ADC MUX3" value="DMIC" />
        <ctl name= "DMIC MUX3" value="DMIC1" />
        <ctl name= "DEC3 Volume" value="84" />
        <ctl name= "WDMA3 PORT0 MUX" value="DEC0" />
        <ctl name= "WDMA3 PORT1 MUX" value="DEC1" />
        <ctl name= "WDMA3 PORT2 MUX" value="DEC2" />
        <ctl name= "WDMA3 PORT3 MUX" value="DEC3" />
        <ctl name= "WDMA3 CH0 MUX" value="PORT_0" />
        <ctl name= "WDMA3 CH1 MUX" value="PORT_1" />
        <ctl name= "WDMA3 CH2 MUX" value="PORT_2" />
        <ctl name= "WDMA3 CH3 MUX" value="PORT_3" />
        <ctl name= "WDMA3_ON_OFF Switch" value="1" />
    </path>

    <path name="listen-cpe-headset-mic">
        <ctl name="MAD Input" value="ADC2" />
        <ctl name="MAD_SEL MUX" value="SPE" />
        <ctl name="MAD_INP MUX" value="MAD" />
        <ctl name="MAD_CPE1 Switch" value="1" />
    </path>

    <path name="listen-cpe-handset-mic-ecpp">
        <ctl name="CLK MODE" value="INTERNAL" />
        <ctl name="EC BUF MUX INP" value="DEC1" />
        <ctl name="ADC MUX1" value="DMIC" />
        <ctl name="DMIC MUX1" value="DMIC2" />
    </path>

    <!-- path name used for low bandwidth FTRT codec interface -->
    <path name="listen-cpe-handset-mic low-speed-intf">
        <ctl name="MADONOFF Switch" value="1" />
        <ctl name="AIF4_MAD Mixer SLIM TX12" value="1" />
        <ctl name="MAD Input" value="DMIC2" />
        <ctl name="CPE AFE MAD Enable" value="1"/>
    </path>

    <path name="listen-ape-handset-mic">
        <ctl name="MAD Input" value="DMIC2" />
        <ctl name="MAD_SEL MUX" value="MSM" />
        <ctl name="MAD_INP MUX" value="MAD" />
        <ctl name="MAD_BROADCAST Switch" value="1" />
        <ctl name="CDC_IF TX13 MUX" value="MAD_BRDCST" />
        <ctl name="AIF4_MAD Mixer SLIM TX13" value="1" />
    </path>

    <path name="listen-ape-handset-mic-preproc">
        <ctl name="AIF1_CAP Mixer SLIM TX7" value="1" />
        <ctl name="SLIM_0_TX Channels" value="One" />
        <ctl name="CDC_IF TX7 MUX" value="DEC7" />
        <ctl name="ADC MUX7" value="DMIC" />
        <ctl name="DMIC MUX7" value="DMIC2" />
        <ctl name="IIR0 INP0 MUX" value="DEC7" />
    </path>

    <path name="listen-ape-handset-dmic">
        <ctl name="AIF1_CAP Mixer SLIM TX7" value="1" />
        <ctl name="AIF1_CAP Mixer SLIM TX8" value="1" />
        <ctl name="CDC_IF TX7 MUX" value="DEC7" />
        <ctl name="ADC MUX7" value="DMIC" />
        <ctl name="DMIC MUX7" value="DMIC2" />
        <ctl name="CDC_IF TX8 MUX" value="DEC8" />
        <ctl name="ADC MUX8" value="DMIC" />
        <ctl name="DMIC MUX8" value="DMIC5" />
        <ctl name="SLIM_0_TX Channels" value="Two" />
    </path>

    <path name="listen-ape-handset-tmic">
        <ctl name="AIF1_CAP Mixer SLIM TX5" value="1" />
        <ctl name="AIF1_CAP Mixer SLIM TX6" value="1" />
        <ctl name="AIF1_CAP Mixer SLIM TX7" value="1" />
        <ctl name="SLIM_0_TX Channels" value="Three" />
        <ctl name="CDC_IF TX5 MUX" value="DEC5" />
        <ctl name="ADC MUX5" value="DMIC" />
        <ctl name="DMIC MUX5" value="DMIC2" />
        <ctl name="CDC_IF TX6 MUX" value="DEC6" />
        <ctl name="ADC MUX6" value="DMIC" />
        <ctl name="DMIC MUX6" value="DMIC0" />
        <ctl name="CDC_IF TX7 MUX" value="DEC7" />
        <ctl name="ADC MUX7" value="DMIC" />
        <ctl name="DMIC MUX7" value="DMIC5" />
    </path>

    <path name="listen-ape-handset-qmic">
        <ctl name="AIF1_CAP Mixer SLIM TX5" value="1" />
        <ctl name="AIF1_CAP Mixer SLIM TX6" value="1" />
        <ctl name="AIF1_CAP Mixer SLIM TX7" value="1" />
        <ctl name="AIF1_CAP Mixer SLIM TX8" value="1" />
        <ctl name="SLIM_0_TX Channels" value="Four" />
        <ctl name="CDC_IF TX5 MUX" value="DEC5" />
        <ctl name="ADC MUX5" value="DMIC" />
        <ctl name="DMIC MUX5" value="DMIC2" />
        <ctl name="CDC_IF TX6 MUX" value="DEC6" />
        <ctl name="ADC MUX6" value="DMIC" />
        <ctl name="DMIC MUX6" value="DMIC0" />
        <ctl name="CDC_IF TX7 MUX" value="DEC7" />
        <ctl name="ADC MUX7" value="DMIC" />
        <ctl name="DMIC MUX7" value="DMIC5" />
        <ctl name="CDC_IF TX8 MUX" value="DEC8" />
        <ctl name="ADC MUX8" value="DMIC" />
        <ctl name="DMIC MUX8" value="DMIC1" />
    </path>

    <path name="echo-reference">
        <ctl name="AUDIO_REF_EC_UL1 MUX" value="SLIM_RX"/>
        <ctl name="EC Reference Channels" value="Two"/>
        <ctl name="EC Reference Bit Format" value="S16_LE"/>
        <ctl name="EC Reference SampleRate" value="48000"/>
    </path>

</mixer>
