<?xml version="1.0" encoding="ISO-8859-1"?>
<!-- Copyright (c) 2014, 2016-2018, The Linux Foundation. All rights reserved.   -->
<!--                                                                             -->
<!-- Redistribution and use in source and binary forms, with or without          -->
<!-- modification, are permitted provided that the following conditions are      -->
<!-- met:                                                                        -->
<!--     * Redistributions of source code must retain the above copyright        -->
<!--       notice, this list of conditions and the following disclaimer.         -->
<!--     * Redistributions in binary form must reproduce the above               -->
<!--       copyright notice, this list of conditions and the following           -->
<!--       disclaimer in the documentation and/or other materials provided       -->
<!--       with the distribution.                                                -->
<!--     * Neither the name of The Linux Foundation nor the names of its         -->
<!--       contributors may be used to endorse or promote products derived       -->
<!--       from this software without specific prior written permission.         -->
<!--                                                                             -->
<!-- THIS SOFTWARE IS PROVIDED "AS IS" AND ANY EXPRESS OR IMPLIED                -->
<!-- WARRANTIES, INCLUDING, BUT NOT LIMITED TO, THE IMPLIED WARRANTIES OF        -->
<!-- MERCHANTABILITY, FITNESS FOR A PARTICULAR PURPOSE AND NON-INFRINGEMENT      -->
<!-- ARE DISCLAIMED.  IN NO EVENT SHALL THE COPYRIGHT OWNER OR CONTRIBUTORS      -->
<!-- BE LIABLE FOR ANY DIRECT, INDIRECT, INCIDENTAL, SPECIAL, EXEMPLARY, OR      -->
<!-- CONSEQUENTIAL DAMAGES (INCLUDING, BUT NOT LIMITED TO, PROCUREMENT OF        -->
<!-- SUBSTITUTE GOODS OR SERVICES; LOSS OF USE, DATA, OR PROFITS; OR             -->
<!-- BUSINESS INTERRUPTION) HOWEVER CAUSED AND ON ANY THEORY OF LIABILITY,       -->
<!-- WHETHER IN CONTRACT, STRICT LIABILITY, OR TORT (INCLUDING NEGLIGENCE        -->
<!-- OR OTHERWISE) ARISING IN ANY WAY OUT OF THE USE OF THIS SOFTWARE, EVEN      -->
<!-- IF ADVISED OF THE POSSIBILITY OF SUCH DAMAGE.                               -->
<audio_platform_info>
    <bit_width_configs>
        <device name="SND_DEVICE_OUT_SPEAKER" bit_width="24"/>
    </bit_width_configs>
    <interface_names>
        <device name="AUDIO_DEVICE_IN_BUILTIN_MIC" interface="SLIMBUS_0" codec_type="external"/>
        <device name="AUDIO_DEVICE_IN_BACK_MIC" interface="SLIMBUS_0" codec_type="external"/>
        <device name="AUDIO_DEVICE_IN_BUILTIN_MIC" interface="INT3_MI2S" codec_type="internal"/>
        <device name="AUDIO_DEVICE_IN_BACK_MIC" interface="INT3_MI2S" codec_type="internal"/>
    </interface_names>
    <pcm_ids>
        <usecase name="USECASE_AUDIO_PLAYBACK_LOW_LATENCY" type="out" id="13"/>
        <usecase name="USECASE_AUDIO_PLAYBACK_OFFLOAD" type="out" id="8"/>
        <usecase name="USECASE_AUDIO_PLAYBACK_OFFLOAD2" type="out" id="15"/>
        <usecase name="USECASE_AUDIO_PLAYBACK_OFFLOAD3" type="out" id="16"/>
        <usecase name="USECASE_AUDIO_PLAYBACK_OFFLOAD4" type="out" id="28"/>
        <usecase name="USECASE_AUDIO_PLAYBACK_OFFLOAD5" type="out" id="29"/>
        <usecase name="USECASE_AUDIO_PLAYBACK_OFFLOAD6" type="out" id="30"/>
        <usecase name="USECASE_AUDIO_PLAYBACK_OFFLOAD7" type="out" id="31"/>
        <usecase name="USECASE_AUDIO_PLAYBACK_OFFLOAD8" type="out" id="32"/>
        <usecase name="USECASE_AUDIO_PLAYBACK_OFFLOAD9" type="out" id="33"/>
        <usecase name="USECASE_VOICEMMODE1_CALL" type="in" id="2"/>
        <usecase name="USECASE_VOICEMMODE1_CALL" type="out" id="2"/>
        <usecase name="USECASE_VOICEMMODE2_CALL" type="in" id="19"/>
        <usecase name="USECASE_VOICEMMODE2_CALL" type="out" id="19"/>
        <usecase name="USECASE_VOWLAN_CALL" type="in" id="-1"/>
        <usecase name="USECASE_VOWLAN_CALL" type="out" id="-1"/>
        <usecase name="USECASE_AUDIO_PLAYBACK_FM" type="out" id="5"/>
        <usecase name="USECASE_AUDIO_PLAYBACK_FM" type="in" id="34"/>
        <usecase name="USECASE_AUDIO_SPKR_CALIB_RX" type="out" id="5"/>
        <usecase name="USECASE_AUDIO_SPKR_CALIB_TX" type="in" id="40"/>
        <usecase name="USECASE_AUDIO_PLAYBACK_AFE_PROXY" type="out" id="6"/>
        <usecase name="USECASE_AUDIO_RECORD_AFE_PROXY" type="in" id="7"/>
        <usecase name="USECASE_AUDIO_RECORD_LOW_LATENCY" type="in" id="17" />
        <usecase name="USECASE_AUDIO_PLAYBACK_ULL" type="out" id="17" />
        <usecase name="USECASE_AUDIO_PLAYBACK_SILENCE" type="out" id="27" />
        <usecase name="USECASE_AUDIO_HFP_SCO" type="in" id="12" />
        <usecase name="USECASE_AUDIO_HFP_SCO_WB" type="in" id="12" />
    </pcm_ids>
    <config_params>
        <!-- In the below value string, the value indicates default mono -->
        <!-- speaker. It can be set to either left or right              -->
        <param key="spkr_1_tz_name" value="wsatz.11"/>
        <param key="spkr_2_tz_name" value="wsatz.12"/>
        <param key="true_32_bit" value="true"/>
        <param key="native_audio_mode" value="true"/>
        <param key="hfp_pcm_dev_id" value="39"/>
        <param key="input_mic_max_count" value="4"/>
    </config_params>
    <acdb_ids>
        <device name="SND_DEVICE_OUT_SPEAKER" acdb_id="14"/>
        <device name="SND_DEVICE_OUT_SPEAKER_PROTECTED" acdb_id="136"/>
        <device name="SND_DEVICE_OUT_VOICE_SPEAKER_PROTECTED" acdb_id="136"/>
        <device name="SND_DEVICE_OUT_SPEAKER_PROTECTED_VBAT" acdb_id="136"/>
        <device name="SND_DEVICE_OUT_VOICE_SPEAKER_PROTECTED_VBAT" acdb_id="136"/>
        <device name="SND_DEVICE_IN_CAPTURE_VI_FEEDBACK" acdb_id="137"/>
        <device name="SND_DEVICE_OUT_VOICE_SPEAKER_2_PROTECTED" acdb_id="150"/>
        <device name="SND_DEVICE_OUT_VOICE_SPEAKER_2_PROTECTED_VBAT" acdb_id="150"/>
        <device name="SND_DEVICE_IN_CAPTURE_VI_FEEDBACK_MONO_1" acdb_id="151"/>
        <device name="SND_DEVICE_IN_CAPTURE_VI_FEEDBACK_MONO_2" acdb_id="152"/>
    </acdb_ids>
    <backend_names>
        <device name="SND_DEVICE_OUT_HEADPHONES" backend="headphones" interface="INT0_MI2S_RX"/>
        <device name="SND_DEVICE_OUT_BT_SCO_WB" backend="bt-sco-wb" interface="SLIMBUS_7_RX"/>
        <device name="SND_DEVICE_OUT_BT_SCO" backend="bt-sco" interface="SLIMBUS_7_RX"/>
        <device name="SND_DEVICE_OUT_BT_A2DP" backend="bt-a2dp" interface="SLIMBUS_7_RX"/>
        <device name="SND_DEVICE_OUT_LINE" backend="headphones" interface="INT0_MI2S_RX"/>
        <device name="SND_DEVICE_OUT_ANC_HEADSET" backend="headphones" interface="INT0_MI2S_RX"/>
        <device name="SND_DEVICE_OUT_SPEAKER_AND_HEADPHONES" backend="speaker-and-headphones" interface="INT4_MI2S_RX-and-INT0_MI2S_RX"/>
        <device name="SND_DEVICE_OUT_SPEAKER_AND_LINE" backend="speaker-and-headphones" interface="INT4_MI2S_RX-and-INT0_MI2S_RX"/>
        <device name="SND_DEVICE_OUT_SPEAKER_AND_ANC_HEADSET" backend="speaker-and-headphones" interface="INT4_MI2S_RX-and-INT0_MI2S_RX"/>
        <device name="SND_DEVICE_OUT_VOICE_HEADPHONES" backend="headphones" interface="INT0_MI2S_RX"/>
        <device name="SND_DEVICE_OUT_VOICE_ANC_HEADSET" backend="headphones" interface="INT0_MI2S_RX"/>
        <device name="SND_DEVICE_OUT_VOICE_LINE" backend="headphones" interface="INT0_MI2S_RX"/>
        <device name="SND_DEVICE_OUT_VOICE_TTY_FULL_HEADPHONES" backend="headphones" interface="INT0_MI2S_RX"/>
        <device name="SND_DEVICE_OUT_VOICE_TTY_VCO_HEADPHONES" backend="headphones" interface="INT0_MI2S_RX"/>
        <device name="SND_DEVICE_OUT_HANDSET" backend="handset" interface="INT0_MI2S_RX"/>
        <device name="SND_DEVICE_OUT_SPEAKER" interface="INT4_MI2S_RX"/>
        <device name="SND_DEVICE_OUT_SPEAKER_EXTERNAL_1" interface="INT4_MI2S_RX"/>
        <device name="SND_DEVICE_OUT_SPEAKER_EXTERNAL_2" interface="INT4_MI2S_RX"/>
        <device name="SND_DEVICE_OUT_SPEAKER_REVERSE" interface="INT4_MI2S_RX"/>
        <device name="SND_DEVICE_OUT_SPEAKER_VBAT" interface="INT4_MI2S_RX"/>
        <device name="SND_DEVICE_OUT_SPEAKER_AND_HEADPHONES_EXTERNAL_1" interface="INT4_MI2S_RX-and-INT0_MI2S_RX"/>
        <device name="SND_DEVICE_OUT_SPEAKER_AND_HEADPHONES_EXTERNAL_2" interface="INT4_MI2S_RX-and-INT0_MI2S_RX"/>
        <device name="SND_DEVICE_OUT_VOICE_HANDSET" backend="handset" interface="INT0_MI2S_RX"/>
        <device name="SND_DEVICE_OUT_VOICE_SPEAKER" interface="INT4_MI2S_RX"/>
        <device name="SND_DEVICE_OUT_VOICE_SPEAKER_VBAT" interface="INT4_MI2S_RX"/>
        <device name="SND_DEVICE_OUT_VOICE_SPEAKER_2" interface="INT4_MI2S_RX"/>
        <device name="SND_DEVICE_OUT_VOICE_SPEAKER_2_VBAT" interface="INT4_MI2S_RX"/>
        <device name="SND_DEVICE_OUT_SPEAKER_AND_HDMI" interface="INT4_MI2S_RX-and-HDMI"/>
        <device name="SND_DEVICE_OUT_SPEAKER_AND_DISPLAY_PORT" interface="INT4_MI2S_RX-and-DISPLAY_PORT"/>
        <device name="SND_DEVICE_OUT_SPEAKER_AND_BT_SCO" backend="speaker-and-bt-sco" interface="SLIMBUS_0_RX-and-SLIMBUS_7_RX"/>
        <device name="SND_DEVICE_OUT_SPEAKER_AND_BT_SCO_WB" backend="speaker-and-bt-sco-wb" interface="SLIMBUS_0_RX-and-SLIMBUS_7_RX"/>
        <device name="SND_DEVICE_OUT_SPEAKER_AND_BT_A2DP" interface="INT4_MI2S_RX-and-SLIMBUS_7_RX"/>
        <device name="SND_DEVICE_OUT_VOICE_TTY_HCO_HANDSET" interface="INT0_MI2S_RX"/>
        <device name="SND_DEVICE_OUT_ANC_FB_HEADSET" interface="INT0_MI2S_RX"/>
        <device name="SND_DEVICE_OUT_VOICE_ANC_FB_HEADSET" interface="INT0_MI2S_RX"/>
        <device name="SND_DEVICE_OUT_ANC_HANDSET" backend="handset" interface="INT0_MI2S_RX"/>
        <device name="SND_DEVICE_OUT_SPEAKER_PROTECTED" interface="INT5_MI2S_TX"/>
        <device name="SND_DEVICE_OUT_VOICE_SPEAKER_PROTECTED" interface="INT5_MI2S_TX"/>
        <device name="SND_DEVICE_OUT_VOICE_SPEAKER_2_PROTECTED" interface="INT5_MI2S_TX"/>
        <device name="SND_DEVICE_OUT_SPEAKER_PROTECTED_VBAT" interface="INT5_MI2S_TX"/>
        <device name="SND_DEVICE_OUT_VOICE_SPEAKER_PROTECTED_VBAT" interface="INT5_MI2S_TX"/>
        <device name="SND_DEVICE_OUT_VOICE_SPEAKER_2_PROTECTED_VBAT" interface="INT5_MI2S_TX"/>
        <device name="SND_DEVICE_OUT_SPEAKER_WSA" interface="INT4_MI2S_RX"/>
        <device name="SND_DEVICE_OUT_VOICE_SPEAKER_WSA" interface="INT4_MI2S_RX"/>
        <device name="SND_DEVICE_OUT_VOICE_SPEAKER_2_WSA" interface="INT4_MI2S_RX"/>
        <device name="SND_DEVICE_IN_HANDSET_MIC" interface="INT3_MI2S_TX"/>
        <device name="SND_DEVICE_IN_HANDSET_MIC_EXTERNAL" interface="INT3_MI2S_TX"/>
        <device name="SND_DEVICE_IN_HANDSET_MIC_AEC" interface="INT3_MI2S_TX"/>
        <device name="SND_DEVICE_IN_HANDSET_MIC_NS" interface="INT3_MI2S_TX"/>
        <device name="SND_DEVICE_IN_HANDSET_MIC_AEC_NS" interface="INT3_MI2S_TX"/>
        <device name="SND_DEVICE_IN_HANDSET_DMIC" interface="INT3_MI2S_TX"/>
        <device name="SND_DEVICE_IN_HANDSET_DMIC_AEC" interface="INT3_MI2S_TX"/>
        <device name="SND_DEVICE_IN_HANDSET_DMIC_NS" interface="INT3_MI2S_TX"/>
        <device name="SND_DEVICE_IN_HANDSET_DMIC_AEC_NS" interface="INT3_MI2S_TX"/>
        <device name="SND_DEVICE_IN_SPEAKER_MIC" interface="INT3_MI2S_TX"/>
        <device name="SND_DEVICE_IN_SPEAKER_MIC_AEC" interface="INT3_MI2S_TX"/>
        <device name="SND_DEVICE_IN_SPEAKER_MIC_NS" interface="INT3_MI2S_TX"/>
        <device name="SND_DEVICE_IN_SPEAKER_MIC_AEC_NS" interface="INT3_MI2S_TX"/>
        <device name="SND_DEVICE_IN_SPEAKER_DMIC" interface="INT3_MI2S_TX"/>
        <device name="SND_DEVICE_IN_SPEAKER_DMIC_AEC" interface="INT3_MI2S_TX"/>
        <device name="SND_DEVICE_IN_SPEAKER_DMIC_NS" interface="INT3_MI2S_TX"/>
        <device name="SND_DEVICE_IN_SPEAKER_DMIC_AEC_NS" interface="INT3_MI2S_TX"/>
        <device name="SND_DEVICE_IN_HEADSET_MIC" interface="INT3_MI2S_TX"/>
        <device name="SND_DEVICE_IN_HEADSET_MIC_FLUENCE" interface="INT3_MI2S_TX"/>
        <device name="SND_DEVICE_IN_VOICE_SPEAKER_MIC" interface="INT3_MI2S_TX"/>
        <device name="SND_DEVICE_IN_VOICE_HEADSET_MIC" interface="INT3_MI2S_TX"/>
        <device name="SND_DEVICE_IN_HDMI_MIC" interface="HDMI"/>
        <device name="SND_DEVICE_IN_BT_SCO_MIC" interface="SLIMBUS_7_TX"/>
        <device name="SND_DEVICE_IN_BT_SCO_MIC_NREC" interface="SLIMBUS_7_TX"/>
        <device name="SND_DEVICE_IN_BT_SCO_MIC_WB" interface="SLIMBUS_7_TX"/>
        <device name="SND_DEVICE_IN_BT_SCO_MIC_WB_NREC" interface="SLIMBUS_7_TX"/>
        <device name="SND_DEVICE_IN_CAMCORDER_MIC" interface="INT3_MI2S_TX"/>
        <device name="SND_DEVICE_IN_VOICE_DMIC" interface="INT3_MI2S_TX"/>
        <device name="SND_DEVICE_IN_VOICE_SPEAKER_DMIC" interface="INT3_MI2S_TX"/>
        <device name="SND_DEVICE_IN_VOICE_SPEAKER_QMIC" interface="INT3_MI2S_TX"/>
        <device name="SND_DEVICE_IN_VOICE_TTY_FULL_HEADSET_MIC" interface="INT3_MI2S_TX"/>
        <device name="SND_DEVICE_IN_VOICE_TTY_VCO_HANDSET_MIC" interface="INT3_MI2S_TX"/>
        <device name="SND_DEVICE_IN_VOICE_TTY_HCO_HEADSET_MIC" interface="INT3_MI2S_TX"/>
        <device name="SND_DEVICE_IN_VOICE_REC_MIC" interface="INT3_MI2S_TX"/>
        <device name="SND_DEVICE_IN_VOICE_REC_MIC_NS" interface="INT3_MI2S_TX"/>
        <device name="SND_DEVICE_IN_VOICE_REC_DMIC_STEREO" interface="INT3_MI2S_TX"/>
        <device name="SND_DEVICE_IN_VOICE_REC_DMIC_FLUENCE" interface="INT3_MI2S_TX"/>
        <device name="SND_DEVICE_IN_AANC_HANDSET_MIC" interface="INT3_MI2S_TX"/>
        <device name="SND_DEVICE_IN_QUAD_MIC" interface="INT3_MI2S_TX"/>
        <device name="SND_DEVICE_IN_HANDSET_STEREO_DMIC" interface="INT3_MI2S_TX"/>
        <device name="SND_DEVICE_IN_SPEAKER_STEREO_DMIC" interface="INT3_MI2S_TX"/>
        <device name="SND_DEVICE_IN_CAPTURE_VI_FEEDBACK" interface="INT5_MI2S_TX"/>
        <device name="SND_DEVICE_IN_CAPTURE_VI_FEEDBACK_MONO_1" interface="INT5_MI2S_TX"/>
        <device name="SND_DEVICE_IN_CAPTURE_VI_FEEDBACK_MONO_2" interface="INT5_MI2S_TX"/>
        <device name="SND_DEVICE_IN_VOICE_SPEAKER_DMIC_BROADSIDE" interface="INT3_MI2S_TX"/>
        <device name="SND_DEVICE_IN_SPEAKER_DMIC_BROADSIDE" interface="INT3_MI2S_TX"/>
        <device name="SND_DEVICE_IN_SPEAKER_DMIC_AEC_BROADSIDE" interface="INT3_MI2S_TX"/>
        <device name="SND_DEVICE_IN_SPEAKER_DMIC_NS_BROADSIDE" interface="INT3_MI2S_TX"/>
        <device name="SND_DEVICE_IN_SPEAKER_DMIC_AEC_NS_BROADSIDE" interface="INT3_MI2S_TX"/>
        <device name="SND_DEVICE_IN_VOICE_FLUENCE_DMIC_AANC" interface="INT3_MI2S_TX"/>
        <device name="SND_DEVICE_IN_HANDSET_QMIC" interface="INT3_MI2S_TX"/>
        <device name="SND_DEVICE_IN_SPEAKER_QMIC_AEC" interface="INT3_MI2S_TX"/>
        <device name="SND_DEVICE_IN_SPEAKER_QMIC_NS" interface="INT3_MI2S_TX"/>
        <device name="SND_DEVICE_IN_SPEAKER_QMIC_AEC_NS" interface="INT3_MI2S_TX"/>
        <device name="SND_DEVICE_IN_THREE_MIC" interface="INT3_MI2S_TX"/>
        <device name="SND_DEVICE_IN_HANDSET_TMIC" interface="INT3_MI2S_TX"/>
        <device name="SND_DEVICE_IN_VOICE_REC_TMIC" interface="INT3_MI2S_TX"/>
        <device name="SND_DEVICE_IN_UNPROCESSED_MIC" interface="INT3_MI2S_TX"/>
        <device name="SND_DEVICE_IN_UNPROCESSED_STEREO_MIC" interface="INT3_MI2S_TX"/>
        <device name="SND_DEVICE_IN_UNPROCESSED_THREE_MIC" interface="INT3_MI2S_TX"/>
        <device name="SND_DEVICE_IN_UNPROCESSED_QUAD_MIC" interface="INT3_MI2S_TX"/>
        <device name="SND_DEVICE_IN_UNPROCESSED_HEADSET_MIC" interface="INT3_MI2S_TX"/>
        </backend_names>
</audio_platform_info>

